outcome,state_sample,edu_sample,age_sample,pre_period,ctrl_demo,ctrl_unemp,ctrl_mw,tau,se,ci_lower,ci_upper,n_obs,pre_mean,significant
part_time_y,Medicaid Expansion,All Education,Age 20-64,Incl. 2010-11,1,1,1,2.7332795,.42630059,1.8977304,3.5688286,508499,19.18919,1
part_time_y,Medicaid Expansion,All Education,Age 20-64,Incl. 2010-11,0,1,1,2.1326005,.44381782,1.2627176,3.0024836,654149,19.18919,1
part_time_y,Medicaid Expansion,All Education,Age 20-64,Incl. 2010-11,1,0,1,2.6202474,.32713935,1.9790543,3.2614405,508499,19.18919,1
part_time_y,Medicaid Expansion,All Education,Age 20-64,Incl. 2010-11,0,0,1,2.050087,.32698011,1.4092059,2.690968,654149,19.18919,1
part_time_y,Medicaid Expansion,All Education,Age 20-64,Incl. 2010-11,1,1,0,2.0953326,.65233552,.81675506,3.3739102,508499,19.18919,1
part_time_y,Medicaid Expansion,All Education,Age 20-64,Incl. 2010-11,0,1,0,1.5938936,.62249321,.37380695,2.8139803,654149,19.18919,1
part_time_y,Medicaid Expansion,All Education,Age 20-64,Incl. 2010-11,1,0,0,2.009017,.460765,1.1059176,2.9121163,508499,19.18919,1
part_time_y,Medicaid Expansion,All Education,Age 20-64,Incl. 2010-11,0,0,0,1.5332547,.39417148,.76067865,2.305831,654149,19.18919,1
part_time_y,Medicaid Expansion,All Education,Age 20-49,Incl. 2010-11,1,1,1,3.1085184,.46137205,2.2042291,4.0128074,413435,19.209694,1
part_time_y,Medicaid Expansion,All Education,Age 20-49,Incl. 2010-11,0,1,1,3.0124741,.47836217,2.0748842,3.9500639,413435,19.209694,1
part_time_y,Medicaid Expansion,All Education,Age 20-49,Incl. 2010-11,1,0,1,3.104723,.41416132,2.2929668,3.9164791,413435,19.209694,1
part_time_y,Medicaid Expansion,All Education,Age 20-49,Incl. 2010-11,0,0,1,3.0244594,.41955131,2.2021389,3.8467801,413435,19.209694,1
part_time_y,Medicaid Expansion,All Education,Age 20-49,Incl. 2010-11,1,1,0,2.5228057,.6170789,1.3133311,3.7322805,413435,19.209694,1
part_time_y,Medicaid Expansion,All Education,Age 20-49,Incl. 2010-11,0,1,0,2.434921,.64742458,1.1659688,3.7038732,413435,19.209694,1
part_time_y,Medicaid Expansion,All Education,Age 20-49,Incl. 2010-11,1,0,0,2.5428712,.51567775,1.5321428,3.5535996,413435,19.209694,1
part_time_y,Medicaid Expansion,All Education,Age 20-49,Incl. 2010-11,0,0,0,2.471602,.49722713,1.4970367,3.446167,413435,19.209694,1
part_time_y,Medicaid Expansion,Low Education,Age 20-64,Incl. 2010-11,1,1,1,4.2916765,.4981373,3.3153274,5.2680254,297440,19.811773,1
part_time_y,Medicaid Expansion,Low Education,Age 20-64,Incl. 2010-11,0,1,1,3.380518,.5387485,2.3245709,4.4364648,386620,19.811773,1
part_time_y,Medicaid Expansion,Low Education,Age 20-64,Incl. 2010-11,1,0,1,3.7929544,.49529505,2.822176,4.7637329,297440,19.811773,1
part_time_y,Medicaid Expansion,Low Education,Age 20-64,Incl. 2010-11,0,0,1,2.8909242,.52934712,1.8534038,3.9284444,386620,19.811773,1
part_time_y,Medicaid Expansion,Low Education,Age 20-64,Incl. 2010-11,1,1,0,3.324873,.74453849,1.8655775,4.7841682,297440,19.811773,1
part_time_y,Medicaid Expansion,Low Education,Age 20-64,Incl. 2010-11,0,1,0,2.6172509,.62096214,1.4001651,3.8343365,386620,19.811773,1
part_time_y,Medicaid Expansion,Low Education,Age 20-64,Incl. 2010-11,1,0,0,2.9083376,.63556212,1.6626358,4.1540394,297440,19.811773,1
part_time_y,Medicaid Expansion,Low Education,Age 20-64,Incl. 2010-11,0,0,0,2.1957483,.53184372,1.1533345,3.238162,386620,19.811773,1
part_time_y,Medicaid Expansion,Low Education,Age 20-49,Incl. 2010-11,1,1,1,4.4329715,.62987024,3.1984258,5.6675172,238636,20.014957,1
part_time_y,Medicaid Expansion,Low Education,Age 20-49,Incl. 2010-11,0,1,1,4.436687,.58396685,3.2921121,5.5812621,238636,20.014957,1
part_time_y,Medicaid Expansion,Low Education,Age 20-49,Incl. 2010-11,1,0,1,4.0986314,.66159379,2.8019075,5.3953552,238636,20.014957,1
part_time_y,Medicaid Expansion,Low Education,Age 20-49,Incl. 2010-11,0,0,1,4.1089735,.65325868,2.8285866,5.3893604,238636,20.014957,1
part_time_y,Medicaid Expansion,Low Education,Age 20-49,Incl. 2010-11,1,1,0,3.4930558,.79415309,1.9365158,5.0495958,238636,20.014957,1
part_time_y,Medicaid Expansion,Low Education,Age 20-49,Incl. 2010-11,0,1,0,3.5512526,.74904203,2.0831304,5.0193748,238636,20.014957,1
part_time_y,Medicaid Expansion,Low Education,Age 20-49,Incl. 2010-11,1,0,0,3.2368104,.75879002,1.7495821,4.7240391,238636,20.014957,1
part_time_y,Medicaid Expansion,Low Education,Age 20-49,Incl. 2010-11,0,0,0,3.3019958,.71282166,1.9048653,4.6991262,238636,20.014957,1
part_time_y,No State EITC,All Education,Age 20-64,Incl. 2010-11,1,1,1,2.0630717,.39302343,1.2927457,2.8333976,1107369,19.18919,1
part_time_y,No State EITC,All Education,Age 20-64,Incl. 2010-11,0,1,1,1.6244187,.35480866,.92899376,2.3198438,1434123,19.18919,1
part_time_y,No State EITC,All Education,Age 20-64,Incl. 2010-11,1,0,1,2.2610502,.37265813,1.5306402,2.9914603,1107369,19.18919,1
part_time_y,No State EITC,All Education,Age 20-64,Incl. 2010-11,0,0,1,1.8549168,.33306181,1.2021157,2.5077178,1434123,19.18919,1
part_time_y,No State EITC,All Education,Age 20-64,Incl. 2010-11,1,1,0,1.8343096,.33160093,1.1843717,2.4842474,1107369,19.18919,1
part_time_y,No State EITC,All Education,Age 20-64,Incl. 2010-11,0,1,0,1.5130087,.32245439,.88099808,2.1450193,1434123,19.18919,1
part_time_y,No State EITC,All Education,Age 20-64,Incl. 2010-11,1,0,0,2.0410888,.20924456,1.6309695,2.4512081,1107369,19.18919,1
part_time_y,No State EITC,All Education,Age 20-64,Incl. 2010-11,0,0,0,1.7715018,.18722534,1.4045401,2.1384635,1434123,19.18919,1
part_time_y,No State EITC,All Education,Age 20-49,Incl. 2010-11,1,1,1,2.6414914,.41011158,1.8376728,3.4453101,894237,19.209694,1
part_time_y,No State EITC,All Education,Age 20-49,Incl. 2010-11,0,1,1,2.5560856,.42004547,1.7327964,3.3793747,894237,19.209694,1
part_time_y,No State EITC,All Education,Age 20-49,Incl. 2010-11,1,0,1,2.7111502,.4193244,1.8892744,3.533026,894237,19.209694,1
part_time_y,No State EITC,All Education,Age 20-49,Incl. 2010-11,0,0,1,2.6080008,.42330301,1.7783269,3.4376745,894237,19.209694,1
part_time_y,No State EITC,All Education,Age 20-49,Incl. 2010-11,1,1,0,2.4573405,.31698552,1.836049,3.0786321,894237,19.209694,1
part_time_y,No State EITC,All Education,Age 20-49,Incl. 2010-11,0,1,0,2.5674031,.33285302,1.915011,3.219795,894237,19.209694,1
part_time_y,No State EITC,All Education,Age 20-49,Incl. 2010-11,1,0,0,2.5212691,.21026288,2.109154,2.9333844,894237,19.209694,1
part_time_y,No State EITC,All Education,Age 20-49,Incl. 2010-11,0,0,0,2.6337466,.19989595,2.2419505,3.0255427,894237,19.209694,1
part_time_y,No State EITC,Low Education,Age 20-64,Incl. 2010-11,1,1,1,3.3939691,.43160883,2.5480156,4.2399225,685742,19.811773,1
part_time_y,No State EITC,Low Education,Age 20-64,Incl. 2010-11,0,1,1,2.5369551,.42190531,1.7100207,3.3638895,897407,19.811773,1
part_time_y,No State EITC,Low Education,Age 20-64,Incl. 2010-11,1,0,1,3.4800911,.42506719,2.6469595,4.3132229,685742,19.811773,1
part_time_y,No State EITC,Low Education,Age 20-64,Incl. 2010-11,0,0,1,2.7404337,.44386962,1.8704491,3.6104181,897407,19.811773,1
part_time_y,No State EITC,Low Education,Age 20-64,Incl. 2010-11,1,1,0,2.622329,.45621467,1.7281482,3.5165098,685742,19.811773,1
part_time_y,No State EITC,Low Education,Age 20-64,Incl. 2010-11,0,1,0,2.0856636,.418984,1.264455,2.9068723,897407,19.811773,1
part_time_y,No State EITC,Low Education,Age 20-64,Incl. 2010-11,1,0,0,2.6524899,.31841424,2.028398,3.276582,685742,19.811773,1
part_time_y,No State EITC,Low Education,Age 20-64,Incl. 2010-11,0,0,0,2.2875156,.27639562,1.7457801,2.8292511,897407,19.811773,1
part_time_y,No State EITC,Low Education,Age 20-49,Incl. 2010-11,1,1,1,3.8278654,.51422799,2.8199785,4.8357525,547981,20.014957,1
part_time_y,No State EITC,Low Education,Age 20-49,Incl. 2010-11,0,1,1,3.7779727,.5056752,2.7868493,4.7690959,547981,20.014957,1
part_time_y,No State EITC,Low Education,Age 20-49,Incl. 2010-11,1,0,1,3.7883186,.51330799,2.7822349,4.7944021,547981,20.014957,1
part_time_y,No State EITC,Low Education,Age 20-49,Incl. 2010-11,0,0,1,3.7680349,.51258516,2.7633679,4.7727017,547981,20.014957,1
part_time_y,No State EITC,Low Education,Age 20-49,Incl. 2010-11,1,1,0,3.0536187,.52119428,2.0320778,4.0751595,547981,20.014957,1
part_time_y,No State EITC,Low Education,Age 20-49,Incl. 2010-11,0,1,0,3.2252908,.52399451,2.1982615,4.2523198,547981,20.014957,1
part_time_y,No State EITC,Low Education,Age 20-49,Incl. 2010-11,1,0,0,2.9411807,.36632666,2.2231805,3.6591811,547981,20.014957,1
part_time_y,No State EITC,Low Education,Age 20-49,Incl. 2010-11,0,0,0,3.1729727,.3493751,2.4881973,3.8577478,547981,20.014957,1
part_time_y,No EITC Change,All Education,Age 20-64,Incl. 2010-11,1,1,1,1.8696381,.39742038,1.0906941,2.648582,1244192,19.18919,1
part_time_y,No EITC Change,All Education,Age 20-64,Incl. 2010-11,0,1,1,1.4084662,.38183767,.6600644,2.156868,1610042,19.18919,1
part_time_y,No EITC Change,All Education,Age 20-64,Incl. 2010-11,1,0,1,2.2826271,.3505908,1.5954692,2.9697852,1244192,19.18919,1
part_time_y,No EITC Change,All Education,Age 20-64,Incl. 2010-11,0,0,1,1.8595426,.31994513,1.2324501,2.4866352,1610042,19.18919,1
part_time_y,No EITC Change,All Education,Age 20-64,Incl. 2010-11,1,1,0,1.7254857,.30490476,1.1278723,2.3230989,1244192,19.18919,1
part_time_y,No EITC Change,All Education,Age 20-64,Incl. 2010-11,0,1,0,1.4373119,.3093482,.83098942,2.0436344,1610042,19.18919,1
part_time_y,No EITC Change,All Education,Age 20-64,Incl. 2010-11,1,0,0,2.1969018,.21626994,1.7730126,2.6207907,1244192,19.18919,1
part_time_y,No EITC Change,All Education,Age 20-64,Incl. 2010-11,0,0,0,1.972075,.21223372,1.5560969,2.3880532,1610042,19.18919,1
part_time_y,No EITC Change,All Education,Age 20-49,Incl. 2010-11,1,1,1,2.3937895,.42344335,1.5638406,3.2237384,1004793,19.209694,1
part_time_y,No EITC Change,All Education,Age 20-49,Incl. 2010-11,0,1,1,2.2864356,.44109175,1.4218959,3.1509755,1004793,19.209694,1
part_time_y,No EITC Change,All Education,Age 20-49,Incl. 2010-11,1,0,1,2.760534,.38468841,2.0065448,3.5145235,1004793,19.209694,1
part_time_y,No EITC Change,All Education,Age 20-49,Incl. 2010-11,0,0,1,2.6507709,.39143378,1.8835607,3.4179811,1004793,19.209694,1
part_time_y,No EITC Change,All Education,Age 20-49,Incl. 2010-11,1,1,0,2.284265,.30265683,1.6910576,2.8774724,1004793,19.209694,1
part_time_y,No EITC Change,All Education,Age 20-49,Incl. 2010-11,0,1,0,2.3807409,.31598356,1.761413,3.0000687,1004793,19.209694,1
part_time_y,No EITC Change,All Education,Age 20-49,Incl. 2010-11,1,0,0,2.7058003,.23216666,2.2507536,3.1608469,1004793,19.209694,1
part_time_y,No EITC Change,All Education,Age 20-49,Incl. 2010-11,0,0,0,2.8225086,.22934732,2.3729877,3.2720292,1004793,19.209694,1
part_time_y,No EITC Change,Low Education,Age 20-64,Incl. 2010-11,1,1,1,3.19245,.4484832,2.3134229,4.0714769,773044,19.811773,1
part_time_y,No EITC Change,Low Education,Age 20-64,Incl. 2010-11,0,1,1,2.3301411,.43414012,1.4792264,3.1810555,1010680,19.811773,1
part_time_y,No EITC Change,Low Education,Age 20-64,Incl. 2010-11,1,0,1,3.4140966,.40755802,2.615283,4.2129102,773044,19.811773,1
part_time_y,No EITC Change,Low Education,Age 20-64,Incl. 2010-11,0,0,1,2.701704,.4141185,1.8900318,3.5133762,1010680,19.811773,1
part_time_y,No EITC Change,Low Education,Age 20-64,Incl. 2010-11,1,1,0,2.5626104,.42254174,1.7344286,3.3907921,773044,19.811773,1
part_time_y,No EITC Change,Low Education,Age 20-64,Incl. 2010-11,0,1,0,2.039999,.39797589,1.2599664,2.8200319,1010680,19.811773,1
part_time_y,No EITC Change,Low Education,Age 20-64,Incl. 2010-11,1,0,0,2.7701857,.29666179,2.1887286,3.3516426,773044,19.811773,1
part_time_y,No EITC Change,Low Education,Age 20-64,Incl. 2010-11,0,0,0,2.4592164,.26892823,1.932117,2.9863157,1010680,19.811773,1
part_time_y,No EITC Change,Low Education,Age 20-49,Incl. 2010-11,1,1,1,3.5681775,.56225932,2.4661493,4.6702056,618063,20.014957,1
part_time_y,No EITC Change,Low Education,Age 20-49,Incl. 2010-11,0,1,1,3.4835739,.56087989,2.3842494,4.5828986,618063,20.014957,1
part_time_y,No EITC Change,Low Education,Age 20-49,Incl. 2010-11,1,0,1,3.7442598,.48961249,2.7846193,4.7039003,618063,20.014957,1
part_time_y,No EITC Change,Low Education,Age 20-49,Incl. 2010-11,0,0,1,3.7045214,.48897424,2.7461319,4.6629109,618063,20.014957,1
part_time_y,No EITC Change,Low Education,Age 20-49,Incl. 2010-11,1,1,0,2.927922,.49416077,1.9593669,3.8964772,618063,20.014957,1
part_time_y,No EITC Change,Low Education,Age 20-49,Incl. 2010-11,0,1,0,3.0800102,.49903074,2.1019099,4.0581102,618063,20.014957,1
part_time_y,No EITC Change,Low Education,Age 20-49,Incl. 2010-11,1,0,0,3.0848927,.34534463,2.4080174,3.7617683,618063,20.014957,1
part_time_y,No EITC Change,Low Education,Age 20-49,Incl. 2010-11,0,0,0,3.3162906,.33241943,2.6647487,3.9678328,618063,20.014957,1
part_time_y,Medicaid Expansion,All Education,Age 20-64,Excl. 2010-11,1,1,1,2.879998,.45486313,1.9884663,3.7715297,385444,19.55368,1
part_time_y,Medicaid Expansion,All Education,Age 20-64,Excl. 2010-11,0,1,1,2.1868167,.49559394,1.2154527,3.158181,496441,19.55368,1
part_time_y,Medicaid Expansion,All Education,Age 20-64,Excl. 2010-11,1,0,1,2.7990642,.36805826,2.0776699,3.5204582,385444,19.55368,1
part_time_y,Medicaid Expansion,All Education,Age 20-64,Excl. 2010-11,0,0,1,2.2541289,.34445629,1.5789948,2.9292634,496441,19.55368,1
part_time_y,Medicaid Expansion,All Education,Age 20-64,Excl. 2010-11,1,1,0,2.31901,.87401831,.60593414,4.0320859,385444,19.55368,1
part_time_y,Medicaid Expansion,All Education,Age 20-64,Excl. 2010-11,0,1,0,1.6513308,.88501835,-.083305091,3.3859668,496441,19.55368,0
part_time_y,Medicaid Expansion,All Education,Age 20-64,Excl. 2010-11,1,0,0,2.0459435,.53385437,.99958897,3.092298,385444,19.55368,1
part_time_y,Medicaid Expansion,All Education,Age 20-64,Excl. 2010-11,0,0,0,1.5509801,.45631963,.65659362,2.4453666,496441,19.55368,1
part_time_y,Medicaid Expansion,All Education,Age 20-49,Excl. 2010-11,1,1,1,3.1350236,.5660488,2.025568,4.2444792,314233,19.585468,1
part_time_y,Medicaid Expansion,All Education,Age 20-49,Excl. 2010-11,0,1,1,2.9886131,.57869262,1.8543756,4.1228504,314233,19.585468,1
part_time_y,Medicaid Expansion,All Education,Age 20-49,Excl. 2010-11,1,0,1,3.1753728,.48382592,2.2270741,4.1236715,314233,19.585468,1
part_time_y,Medicaid Expansion,All Education,Age 20-49,Excl. 2010-11,0,0,1,3.0799282,.50789815,2.0844479,4.0754085,314233,19.585468,1
part_time_y,Medicaid Expansion,All Education,Age 20-49,Excl. 2010-11,1,1,0,2.6555657,.85062939,.98833215,4.3227992,314233,19.585468,1
part_time_y,Medicaid Expansion,All Education,Age 20-49,Excl. 2010-11,0,1,0,2.5024731,.86675191,.80363935,4.2013068,314233,19.585468,1
part_time_y,Medicaid Expansion,All Education,Age 20-49,Excl. 2010-11,1,0,0,2.5477178,.57657057,1.4176396,3.6777961,314233,19.585468,1
part_time_y,Medicaid Expansion,All Education,Age 20-49,Excl. 2010-11,0,0,0,2.4491696,.57047725,1.3310343,3.5673051,314233,19.585468,1
part_time_y,Medicaid Expansion,Low Education,Age 20-64,Excl. 2010-11,1,1,1,4.2047033,.67759609,2.8766148,5.5327916,222770,20.17219,1
part_time_y,Medicaid Expansion,Low Education,Age 20-64,Excl. 2010-11,0,1,1,3.1685641,.65046495,1.8936527,4.4434752,290632,20.17219,1
part_time_y,Medicaid Expansion,Low Education,Age 20-64,Excl. 2010-11,1,0,1,3.85658,.67330754,2.5368972,5.1762629,222770,20.17219,1
part_time_y,Medicaid Expansion,Low Education,Age 20-64,Excl. 2010-11,0,0,1,3.1017816,.65215319,1.8235613,4.3800015,290632,20.17219,1
part_time_y,Medicaid Expansion,Low Education,Age 20-64,Excl. 2010-11,1,1,0,3.441637,1.0662394,1.351808,5.531466,222770,20.17219,1
part_time_y,Medicaid Expansion,Low Education,Age 20-64,Excl. 2010-11,0,1,0,2.4818382,.91170412,.69489819,4.2687783,290632,20.17219,1
part_time_y,Medicaid Expansion,Low Education,Age 20-64,Excl. 2010-11,1,0,0,2.918282,.76330101,1.4222121,4.4143519,222770,20.17219,1
part_time_y,Medicaid Expansion,Low Education,Age 20-64,Excl. 2010-11,0,0,0,2.268012,.62541556,1.0421975,3.4938266,290632,20.17219,1
part_time_y,Medicaid Expansion,Low Education,Age 20-49,Excl. 2010-11,1,1,1,4.1858768,.84234309,2.5348845,5.8368692,178830,20.35508,1
part_time_y,Medicaid Expansion,Low Education,Age 20-49,Excl. 2010-11,0,1,1,4.0593476,.80374974,2.4839983,5.6346974,178830,20.35508,1
part_time_y,Medicaid Expansion,Low Education,Age 20-49,Excl. 2010-11,1,0,1,4.0137677,.83717823,2.3728983,5.6546369,178830,20.35508,1
part_time_y,Medicaid Expansion,Low Education,Age 20-49,Excl. 2010-11,0,0,1,3.9438593,.84133953,2.2948337,5.592885,178830,20.35508,1
part_time_y,Medicaid Expansion,Low Education,Age 20-49,Excl. 2010-11,1,1,0,3.4810021,1.1490968,1.2287723,5.7332315,178830,20.35508,1
part_time_y,Medicaid Expansion,Low Education,Age 20-49,Excl. 2010-11,0,1,0,3.4121859,1.077432,1.3004191,5.523953,178830,20.35508,1
part_time_y,Medicaid Expansion,Low Education,Age 20-49,Excl. 2010-11,1,0,0,3.1716073,.87812841,1.4504756,4.8927388,178830,20.35508,1
part_time_y,Medicaid Expansion,Low Education,Age 20-49,Excl. 2010-11,0,0,0,3.1750791,.82905561,1.5501302,4.8000283,178830,20.35508,1
part_time_y,No State EITC,All Education,Age 20-64,Excl. 2010-11,1,1,1,2.2758589,.43935186,1.4147291,3.1369884,837212,19.55368,1
part_time_y,No State EITC,All Education,Age 20-64,Excl. 2010-11,0,1,1,1.7784179,.38570845,1.0224295,2.5344067,1086875,19.55368,1
part_time_y,No State EITC,All Education,Age 20-64,Excl. 2010-11,1,0,1,2.3368962,.42687553,1.5002201,3.1735721,837212,19.55368,1
part_time_y,No State EITC,All Education,Age 20-64,Excl. 2010-11,0,0,1,1.9629381,.36520189,1.2471424,2.6787338,1086875,19.55368,1
part_time_y,No State EITC,All Education,Age 20-64,Excl. 2010-11,1,1,0,1.9864159,.41668084,1.1697214,2.8031104,837212,19.55368,1
part_time_y,No State EITC,All Education,Age 20-64,Excl. 2010-11,0,1,0,1.5370996,.39543903,.76203907,2.31216,1086875,19.55368,1
part_time_y,No State EITC,All Education,Age 20-64,Excl. 2010-11,1,0,0,2.0008979,.26208323,1.4872148,2.5145812,837212,19.55368,1
part_time_y,No State EITC,All Education,Age 20-64,Excl. 2010-11,0,0,0,1.7234439,.2322273,1.2682784,2.1786094,1086875,19.55368,1
part_time_y,No State EITC,All Education,Age 20-49,Excl. 2010-11,1,1,1,2.6989081,.49755707,1.7236962,3.6741199,677536,19.585468,1
part_time_y,No State EITC,All Education,Age 20-49,Excl. 2010-11,0,1,1,2.5905464,.51300287,1.5850608,3.5960321,677536,19.585468,1
part_time_y,No State EITC,All Education,Age 20-49,Excl. 2010-11,1,0,1,2.6663284,.49751684,1.6911954,3.6414614,677536,19.585468,1
part_time_y,No State EITC,All Education,Age 20-49,Excl. 2010-11,0,0,1,2.5636864,.51162183,1.5609076,3.5664654,677536,19.585468,1
part_time_y,No State EITC,All Education,Age 20-49,Excl. 2010-11,1,1,0,2.5178065,.41243386,1.7094363,3.3261771,677536,19.585468,1
part_time_y,No State EITC,All Education,Age 20-49,Excl. 2010-11,0,1,0,2.545687,.40723002,1.7475163,3.343858,677536,19.585468,1
part_time_y,No State EITC,All Education,Age 20-49,Excl. 2010-11,1,0,0,2.4368231,.25659743,1.9338923,2.939754,677536,19.585468,1
part_time_y,No State EITC,All Education,Age 20-49,Excl. 2010-11,0,0,0,2.5036266,.25254178,2.0086446,2.9986086,677536,19.585468,1
part_time_y,No State EITC,Low Education,Age 20-64,Excl. 2010-11,1,1,1,3.5121195,.57194781,2.3911018,4.6331372,511813,20.17219,1
part_time_y,No State EITC,Low Education,Age 20-64,Excl. 2010-11,0,1,1,2.6987162,.53556573,1.6490072,3.748425,672395,20.17219,1
part_time_y,No State EITC,Low Education,Age 20-64,Excl. 2010-11,1,0,1,3.4746234,.57832009,2.3411162,4.6081309,511813,20.17219,1
part_time_y,No State EITC,Low Education,Age 20-64,Excl. 2010-11,0,0,1,2.8898931,.56496376,1.782564,3.9972219,672395,20.17219,1
part_time_y,No State EITC,Low Education,Age 20-64,Excl. 2010-11,1,1,0,2.7060697,.63022989,1.4708192,3.9413204,511813,20.17219,1
part_time_y,No State EITC,Low Education,Age 20-64,Excl. 2010-11,0,1,0,2.0978787,.54015082,1.039183,3.1565742,672395,20.17219,1
part_time_y,No State EITC,Low Education,Age 20-64,Excl. 2010-11,1,0,0,2.5120225,.4138031,1.7009684,3.3230765,511813,20.17219,1
part_time_y,No State EITC,Low Education,Age 20-64,Excl. 2010-11,0,0,0,2.2342236,.36467788,1.519455,2.9489923,672395,20.17219,1
part_time_y,No State EITC,Low Education,Age 20-49,Excl. 2010-11,1,1,1,3.7592101,.69814634,2.3908432,5.1275768,409236,20.35508,1
part_time_y,No State EITC,Low Education,Age 20-49,Excl. 2010-11,0,1,1,3.6714649,.69434708,2.3105447,5.0323853,409236,20.35508,1
part_time_y,No State EITC,Low Education,Age 20-49,Excl. 2010-11,1,0,1,3.6189754,.67177749,2.3022914,4.9356594,409236,20.35508,1
part_time_y,No State EITC,Low Education,Age 20-49,Excl. 2010-11,0,0,1,3.5461092,.67901182,2.2152462,4.8769722,409236,20.35508,1
part_time_y,No State EITC,Low Education,Age 20-49,Excl. 2010-11,1,1,0,3.0508633,.73384035,1.6125362,4.4891901,409236,20.35508,1
part_time_y,No State EITC,Low Education,Age 20-49,Excl. 2010-11,0,1,0,3.1708462,.69604582,1.8065965,4.5350962,409236,20.35508,1
part_time_y,No State EITC,Low Education,Age 20-49,Excl. 2010-11,1,0,0,2.7509832,.43643039,1.8955796,3.6063867,409236,20.35508,1
part_time_y,No State EITC,Low Education,Age 20-49,Excl. 2010-11,0,0,0,2.9299872,.41806111,2.1105874,3.749387,409236,20.35508,1
part_time_y,No EITC Change,All Education,Age 20-64,Excl. 2010-11,1,1,1,2.2287028,.45353776,1.3397688,3.1176367,940609,19.55368,1
part_time_y,No EITC Change,All Education,Age 20-64,Excl. 2010-11,0,1,1,1.7242218,.40979499,.92102373,2.52742,1220172,19.55368,1
part_time_y,No EITC Change,All Education,Age 20-64,Excl. 2010-11,1,0,1,2.3257539,.41277516,1.5167147,3.1347933,940609,19.55368,1
part_time_y,No EITC Change,All Education,Age 20-64,Excl. 2010-11,0,0,1,1.9413881,.35469812,1.2461798,2.6365964,1220172,19.55368,1
part_time_y,No EITC Change,All Education,Age 20-64,Excl. 2010-11,1,1,0,2.0495508,.38772622,1.2896074,2.8094943,940609,19.55368,1
part_time_y,No EITC Change,All Education,Age 20-64,Excl. 2010-11,0,1,0,1.6395327,.39033851,.87446916,2.4045961,1220172,19.55368,1
part_time_y,No EITC Change,All Education,Age 20-64,Excl. 2010-11,1,0,0,2.1412263,.25268888,1.6459562,2.6364965,940609,19.55368,1
part_time_y,No EITC Change,All Education,Age 20-64,Excl. 2010-11,0,0,0,1.9031014,.23778936,1.4370344,2.3691688,1220172,19.55368,1
part_time_y,No EITC Change,All Education,Age 20-49,Excl. 2010-11,1,1,1,2.6521382,.50005901,1.6720227,3.6322539,761195,19.585468,1
part_time_y,No EITC Change,All Education,Age 20-49,Excl. 2010-11,0,1,1,2.530473,.51332194,1.524362,3.5365841,761195,19.585468,1
part_time_y,No EITC Change,All Education,Age 20-49,Excl. 2010-11,1,0,1,2.6985588,.46783164,1.7816088,3.6155088,761195,19.585468,1
part_time_y,No EITC Change,All Education,Age 20-49,Excl. 2010-11,0,0,1,2.5886152,.48274696,1.6424311,3.5347993,761195,19.585468,1
part_time_y,No EITC Change,All Education,Age 20-49,Excl. 2010-11,1,1,0,2.5492406,.37982818,1.8047773,3.2937038,761195,19.585468,1
part_time_y,No EITC Change,All Education,Age 20-49,Excl. 2010-11,0,1,0,2.5678558,.37307262,1.8366333,3.299078,761195,19.585468,1
part_time_y,No EITC Change,All Education,Age 20-49,Excl. 2010-11,1,0,0,2.590713,.25634769,2.0882716,3.0931544,761195,19.585468,1
part_time_y,No EITC Change,All Education,Age 20-49,Excl. 2010-11,0,0,0,2.6508503,.25420779,2.1526031,3.1490977,761195,19.585468,1
part_time_y,No EITC Change,Low Education,Age 20-64,Excl. 2010-11,1,1,1,3.5094819,.55804574,2.4157124,4.6032515,577039,20.17219,1
part_time_y,No EITC Change,Low Education,Age 20-64,Excl. 2010-11,0,1,1,2.7168183,.52511239,1.687598,3.7460387,757303,20.17219,1
part_time_y,No EITC Change,Low Education,Age 20-64,Excl. 2010-11,1,0,1,3.4131408,.54680264,2.3414078,4.4848742,577039,20.17219,1
part_time_y,No EITC Change,Low Education,Age 20-64,Excl. 2010-11,0,0,1,2.8655457,.52278781,1.8408816,3.8902097,757303,20.17219,1
part_time_y,No EITC Change,Low Education,Age 20-64,Excl. 2010-11,1,1,0,2.8482425,.5678578,1.7352412,3.9612436,577039,20.17219,1
part_time_y,No EITC Change,Low Education,Age 20-64,Excl. 2010-11,0,1,0,2.2678583,.51147062,1.2653757,3.2703407,757303,20.17219,1
part_time_y,No EITC Change,Low Education,Age 20-64,Excl. 2010-11,1,0,0,2.6258411,.36678222,1.906948,3.3447342,577039,20.17219,1
part_time_y,No EITC Change,Low Education,Age 20-64,Excl. 2010-11,0,0,0,2.3901851,.32908797,1.7451726,3.0351975,757303,20.17219,1
part_time_y,No EITC Change,Low Education,Age 20-49,Excl. 2010-11,1,1,1,3.7419322,.67245537,2.4239197,5.0599446,461616,20.35508,1
part_time_y,No EITC Change,Low Education,Age 20-49,Excl. 2010-11,0,1,1,3.6060429,.67425179,2.2845094,4.9275765,461616,20.35508,1
part_time_y,No EITC Change,Low Education,Age 20-49,Excl. 2010-11,1,0,1,3.6084211,.62742919,2.3786597,4.8381824,461616,20.35508,1
part_time_y,No EITC Change,Low Education,Age 20-49,Excl. 2010-11,0,0,1,3.5090001,.63631219,2.2618282,4.7561722,461616,20.35508,1
part_time_y,No EITC Change,Low Education,Age 20-49,Excl. 2010-11,1,1,0,3.1436903,.6443122,1.8808384,4.4065423,461616,20.35508,1
part_time_y,No EITC Change,Low Education,Age 20-49,Excl. 2010-11,0,1,0,3.2256677,.6163798,2.0175633,4.4337721,461616,20.35508,1
part_time_y,No EITC Change,Low Education,Age 20-49,Excl. 2010-11,1,0,0,2.8883908,.38912845,2.1256993,3.6510825,461616,20.35508,1
part_time_y,No EITC Change,Low Education,Age 20-49,Excl. 2010-11,0,0,0,3.0511887,.37379819,2.3185441,3.783833,461616,20.35508,1
full_time_y,Medicaid Expansion,All Education,Age 20-64,Incl. 2010-11,1,1,1,-3.0744903,.72972399,-4.5047493,-1.6442312,508499,57.004086,1
full_time_y,Medicaid Expansion,All Education,Age 20-64,Incl. 2010-11,0,1,1,-2.1289108,.58639032,-3.2782357,-.97958577,654149,57.004086,1
full_time_y,Medicaid Expansion,All Education,Age 20-64,Incl. 2010-11,1,0,1,-3.4596705,.520271,-4.4794016,-2.4399395,508499,57.004086,1
full_time_y,Medicaid Expansion,All Education,Age 20-64,Incl. 2010-11,0,0,1,-2.5093036,.41310763,-3.3189945,-1.6996125,654149,57.004086,1
full_time_y,Medicaid Expansion,All Education,Age 20-64,Incl. 2010-11,1,1,0,-2.6410763,.85476446,-4.3164144,-.96573788,508499,57.004086,1
full_time_y,Medicaid Expansion,All Education,Age 20-64,Incl. 2010-11,0,1,0,-1.8628297,.71526092,-3.2647412,-.46091822,654149,57.004086,1
full_time_y,Medicaid Expansion,All Education,Age 20-64,Incl. 2010-11,1,0,0,-3.041575,.63584292,-4.287827,-1.7953229,508499,57.004086,1
full_time_y,Medicaid Expansion,All Education,Age 20-64,Incl. 2010-11,0,0,0,-2.249341,.50565904,-3.2404327,-1.2582493,654149,57.004086,1
full_time_y,Medicaid Expansion,All Education,Age 20-49,Incl. 2010-11,1,1,1,-3.1536248,.81376523,-4.7486048,-1.5586449,413435,57.221771,1
full_time_y,Medicaid Expansion,All Education,Age 20-49,Incl. 2010-11,0,1,1,-2.5786679,.83724767,-4.2196732,-.93766248,413435,57.221771,1
full_time_y,Medicaid Expansion,All Education,Age 20-49,Incl. 2010-11,1,0,1,-3.4741409,.69458789,-4.8355331,-2.1127486,413435,57.221771,1
full_time_y,Medicaid Expansion,All Education,Age 20-49,Incl. 2010-11,0,0,1,-3.097544,.74460983,-4.5569792,-1.6381086,413435,57.221771,1
full_time_y,Medicaid Expansion,All Education,Age 20-49,Incl. 2010-11,1,1,0,-2.5395665,.93926489,-4.3805256,-.69860739,413435,57.221771,1
full_time_y,Medicaid Expansion,All Education,Age 20-49,Incl. 2010-11,0,1,0,-1.9204869,.92936105,-3.7420347,-.098939247,413435,57.221771,1
full_time_y,Medicaid Expansion,All Education,Age 20-49,Incl. 2010-11,1,0,0,-2.8863766,.82527709,-4.5039196,-1.2688336,413435,57.221771,1
full_time_y,Medicaid Expansion,All Education,Age 20-49,Incl. 2010-11,0,0,0,-2.462589,.86018914,-4.1485596,-.7766183,413435,57.221771,1
full_time_y,Medicaid Expansion,Low Education,Age 20-64,Incl. 2010-11,1,1,1,-4.1817474,.74490315,-5.6417575,-2.7217374,297440,51.692814,1
full_time_y,Medicaid Expansion,Low Education,Age 20-64,Incl. 2010-11,0,1,1,-3.246556,.54497445,-4.3147058,-2.1784062,386620,51.692814,1
full_time_y,Medicaid Expansion,Low Education,Age 20-64,Incl. 2010-11,1,0,1,-4.1505036,.58702993,-5.3010826,-2.9999251,297440,51.692814,1
full_time_y,Medicaid Expansion,Low Education,Age 20-64,Incl. 2010-11,0,0,1,-2.8417227,.38127223,-3.5890162,-2.0944293,386620,51.692814,1
full_time_y,Medicaid Expansion,Low Education,Age 20-64,Incl. 2010-11,1,1,0,-3.5242209,.89721906,-5.2827706,-1.7656717,297440,51.692814,1
full_time_y,Medicaid Expansion,Low Education,Age 20-64,Incl. 2010-11,0,1,0,-2.8873041,.61243683,-4.0876803,-1.6869279,386620,51.692814,1
full_time_y,Medicaid Expansion,Low Education,Age 20-64,Incl. 2010-11,1,0,0,-3.5484135,.71441615,-4.948669,-2.1481578,297440,51.692814,1
full_time_y,Medicaid Expansion,Low Education,Age 20-64,Incl. 2010-11,0,0,0,-2.5260534,.48433644,-3.475353,-1.5767541,386620,51.692814,1
full_time_y,Medicaid Expansion,Low Education,Age 20-49,Incl. 2010-11,1,1,1,-4.222455,.86492735,-5.9177127,-2.5271974,238636,51.981316,1
full_time_y,Medicaid Expansion,Low Education,Age 20-49,Incl. 2010-11,0,1,1,-3.9846408,.80039388,-5.5534129,-2.415869,238636,51.981316,1
full_time_y,Medicaid Expansion,Low Education,Age 20-49,Incl. 2010-11,1,0,1,-4.2276158,.87011129,-5.9330339,-2.5221975,238636,51.981316,1
full_time_y,Medicaid Expansion,Low Education,Age 20-49,Incl. 2010-11,0,0,1,-4.0307078,.82439488,-5.6465216,-2.4148936,238636,51.981316,1
full_time_y,Medicaid Expansion,Low Education,Age 20-49,Incl. 2010-11,1,1,0,-3.2171693,.98353553,-5.1448989,-1.2894396,238636,51.981316,1
full_time_y,Medicaid Expansion,Low Education,Age 20-49,Incl. 2010-11,0,1,0,-3.0087624,.88986778,-4.7529035,-1.2646215,238636,51.981316,1
full_time_y,Medicaid Expansion,Low Education,Age 20-49,Incl. 2010-11,1,0,0,-3.3065534,1.0072397,-5.2807431,-1.3323635,238636,51.981316,1
full_time_y,Medicaid Expansion,Low Education,Age 20-49,Incl. 2010-11,0,0,0,-3.1350791,.93991256,-4.9773078,-1.2928505,238636,51.981316,1
full_time_y,No State EITC,All Education,Age 20-64,Incl. 2010-11,1,1,1,-3.0382383,.54386979,-4.1042233,-1.9722536,1107369,57.004086,1
full_time_y,No State EITC,All Education,Age 20-64,Incl. 2010-11,0,1,1,-2.4835575,.39849102,-3.2645998,-1.702515,1434123,57.004086,1
full_time_y,No State EITC,All Education,Age 20-64,Incl. 2010-11,1,0,1,-3.2257879,.46871504,-4.1444693,-2.3071063,1107369,57.004086,1
full_time_y,No State EITC,All Education,Age 20-64,Incl. 2010-11,0,0,1,-2.5886817,.38027173,-3.3340142,-1.8433491,1434123,57.004086,1
full_time_y,No State EITC,All Education,Age 20-64,Incl. 2010-11,1,1,0,-2.5423255,.45352483,-3.4312341,-1.653417,1107369,57.004086,1
full_time_y,No State EITC,All Education,Age 20-64,Incl. 2010-11,0,1,0,-2.4100602,.35062313,-3.0972815,-1.7228388,1434123,57.004086,1
full_time_y,No State EITC,All Education,Age 20-64,Incl. 2010-11,1,0,0,-2.7099998,.33298832,-3.3626568,-2.0573428,1107369,57.004086,1
full_time_y,No State EITC,All Education,Age 20-64,Incl. 2010-11,0,0,0,-2.5308983,.29473048,-3.1085701,-1.9532264,1434123,57.004086,1
full_time_y,No State EITC,All Education,Age 20-49,Incl. 2010-11,1,1,1,-3.1949272,.6101113,-4.3907452,-1.999109,894237,57.221771,1
full_time_y,No State EITC,All Education,Age 20-49,Incl. 2010-11,0,1,1,-2.5272069,.69370478,-3.8868682,-1.1675457,894237,57.221771,1
full_time_y,No State EITC,All Education,Age 20-49,Incl. 2010-11,1,0,1,-3.3267505,.57247615,-4.4488039,-2.2046974,894237,57.221771,1
full_time_y,No State EITC,All Education,Age 20-49,Incl. 2010-11,0,0,1,-2.8102746,.68475288,-4.15239,-1.468159,894237,57.221771,1
full_time_y,No State EITC,All Education,Age 20-49,Incl. 2010-11,1,1,0,-2.7135174,.42526203,-3.5470312,-1.8800039,894237,57.221771,1
full_time_y,No State EITC,All Education,Age 20-49,Incl. 2010-11,0,1,0,-2.3725691,.43288776,-3.2210293,-1.5241092,894237,57.221771,1
full_time_y,No State EITC,All Education,Age 20-49,Incl. 2010-11,1,0,0,-2.8179808,.35031793,-3.5046039,-2.1313577,894237,57.221771,1
full_time_y,No State EITC,All Education,Age 20-49,Incl. 2010-11,0,0,0,-2.6882348,.33722854,-3.3492026,-2.027267,894237,57.221771,1
full_time_y,No State EITC,Low Education,Age 20-64,Incl. 2010-11,1,1,1,-4.0626526,.5465641,-5.1339183,-2.9913869,685742,51.692814,1
full_time_y,No State EITC,Low Education,Age 20-64,Incl. 2010-11,0,1,1,-3.2582707,.42533967,-4.0919366,-2.4246051,897407,51.692814,1
full_time_y,No State EITC,Low Education,Age 20-64,Incl. 2010-11,1,0,1,-3.9713931,.44565907,-4.8448849,-3.0979013,685742,51.692814,1
full_time_y,No State EITC,Low Education,Age 20-64,Incl. 2010-11,0,0,1,-3.031152,.39720941,-3.8096824,-2.2526217,897407,51.692814,1
full_time_y,No State EITC,Low Education,Age 20-64,Incl. 2010-11,1,1,0,-3.1353452,.4856129,-4.0871468,-2.1835439,685742,51.692814,1
full_time_y,No State EITC,Low Education,Age 20-64,Incl. 2010-11,0,1,0,-2.7087362,.40716386,-3.5067773,-1.910695,897407,51.692814,1
full_time_y,No State EITC,Low Education,Age 20-64,Incl. 2010-11,1,0,0,-2.9512525,.37630886,-3.688818,-2.2136872,685742,51.692814,1
full_time_y,No State EITC,Low Education,Age 20-64,Incl. 2010-11,0,0,0,-2.4077384,.36987695,-3.1326973,-1.6827797,897407,51.692814,1
full_time_y,No State EITC,Low Education,Age 20-49,Incl. 2010-11,1,1,1,-4.2119255,.68543339,-5.5553751,-2.8684762,547981,51.981316,1
full_time_y,No State EITC,Low Education,Age 20-49,Incl. 2010-11,0,1,1,-3.6518507,.71794105,-5.0590153,-2.2446861,547981,51.981316,1
full_time_y,No State EITC,Low Education,Age 20-49,Incl. 2010-11,1,0,1,-4.1514511,.66151732,-5.4480247,-2.854877,547981,51.981316,1
full_time_y,No State EITC,Low Education,Age 20-49,Incl. 2010-11,0,0,1,-3.7972991,.68774444,-5.1452785,-2.4493201,547981,51.981316,1
full_time_y,No State EITC,Low Education,Age 20-49,Incl. 2010-11,1,1,0,-3.1221197,.50842553,-4.1186337,-2.1256056,547981,51.981316,1
full_time_y,No State EITC,Low Education,Age 20-49,Incl. 2010-11,0,1,0,-2.6919961,.53666353,-3.7438567,-1.6401355,547981,51.981316,1
full_time_y,No State EITC,Low Education,Age 20-49,Incl. 2010-11,1,0,0,-2.962759,.43729481,-3.8198569,-2.1056612,547981,51.981316,1
full_time_y,No State EITC,Low Education,Age 20-49,Incl. 2010-11,0,0,0,-2.7868052,.4275521,-3.6248071,-1.9488029,547981,51.981316,1
full_time_y,No EITC Change,All Education,Age 20-64,Incl. 2010-11,1,1,1,-2.7893703,.54208857,-3.8518639,-1.7268769,1244192,57.004086,1
full_time_y,No EITC Change,All Education,Age 20-64,Incl. 2010-11,0,1,1,-2.3576727,.40660045,-3.1546094,-1.5607358,1610042,57.004086,1
full_time_y,No EITC Change,All Education,Age 20-64,Incl. 2010-11,1,0,1,-3.1726844,.46755195,-4.0890865,-2.2562826,1244192,57.004086,1
full_time_y,No EITC Change,All Education,Age 20-64,Incl. 2010-11,0,0,1,-2.5492437,.38096619,-3.2959375,-1.80255,1610042,57.004086,1
full_time_y,No EITC Change,All Education,Age 20-64,Incl. 2010-11,1,1,0,-2.3160043,.42869559,-3.1562476,-1.4757609,1244192,57.004086,1
full_time_y,No EITC Change,All Education,Age 20-64,Incl. 2010-11,0,1,0,-2.3281615,.33466756,-2.9841099,-1.672213,1610042,57.004086,1
full_time_y,No EITC Change,All Education,Age 20-64,Incl. 2010-11,1,0,0,-2.7190132,.31008852,-3.3267865,-2.1112397,1244192,57.004086,1
full_time_y,No EITC Change,All Education,Age 20-64,Incl. 2010-11,0,0,0,-2.5541153,.27595046,-3.0949781,-2.0132523,1610042,57.004086,1
full_time_y,No EITC Change,All Education,Age 20-49,Incl. 2010-11,1,1,1,-2.9089007,.61299992,-4.1103806,-1.7074208,1004793,57.221771,1
full_time_y,No EITC Change,All Education,Age 20-49,Incl. 2010-11,0,1,1,-2.2888157,.68153781,-3.6246297,-.95300162,1004793,57.221771,1
full_time_y,No EITC Change,All Education,Age 20-49,Incl. 2010-11,1,0,1,-3.3053598,.5516426,-4.386579,-2.2241402,1004793,57.221771,1
full_time_y,No EITC Change,All Education,Age 20-49,Incl. 2010-11,0,0,1,-2.8366499,.64423966,-4.0993595,-1.5739402,1004793,57.221771,1
full_time_y,No EITC Change,All Education,Age 20-49,Incl. 2010-11,1,1,0,-2.4065337,.41533253,-3.2205856,-1.592482,1004793,57.221771,1
full_time_y,No EITC Change,All Education,Age 20-49,Incl. 2010-11,0,1,0,-2.0633032,.42223275,-2.8908796,-1.2357271,1004793,57.221771,1
full_time_y,No EITC Change,All Education,Age 20-49,Incl. 2010-11,1,0,0,-2.8219581,.32545379,-3.4598475,-2.1840687,1004793,57.221771,1
full_time_y,No EITC Change,All Education,Age 20-49,Incl. 2010-11,0,0,0,-2.6866331,.31568718,-3.3053801,-2.0678864,1004793,57.221771,1
full_time_y,No EITC Change,Low Education,Age 20-64,Incl. 2010-11,1,1,1,-3.7974319,.53108114,-4.8383508,-2.7565129,773044,51.692814,1
full_time_y,No EITC Change,Low Education,Age 20-64,Incl. 2010-11,0,1,1,-3.1102865,.40446863,-3.9030449,-2.317528,1010680,51.692814,1
full_time_y,No EITC Change,Low Education,Age 20-64,Incl. 2010-11,1,0,1,-3.8999932,.43525556,-4.7530942,-3.0468924,773044,51.692814,1
full_time_y,No EITC Change,Low Education,Age 20-64,Incl. 2010-11,0,0,1,-2.986794,.38894185,-3.74912,-2.224468,1010680,51.692814,1
full_time_y,No EITC Change,Low Education,Age 20-64,Incl. 2010-11,1,1,0,-2.860893,.47872719,-3.7991984,-1.9225878,773044,51.692814,1
full_time_y,No EITC Change,Low Education,Age 20-64,Incl. 2010-11,0,1,0,-2.5670884,.39371175,-3.3387635,-1.7954134,1010680,51.692814,1
full_time_y,No EITC Change,Low Education,Age 20-64,Incl. 2010-11,1,0,0,-2.90359,.33743626,-3.564965,-2.2422149,773044,51.692814,1
full_time_y,No EITC Change,Low Education,Age 20-64,Incl. 2010-11,0,0,0,-2.3833213,.32890779,-3.0279806,-1.7386619,1010680,51.692814,1
full_time_y,No EITC Change,Low Education,Age 20-49,Incl. 2010-11,1,1,1,-3.9681089,.68572474,-5.3121295,-2.6240885,618063,51.981316,1
full_time_y,No EITC Change,Low Education,Age 20-49,Incl. 2010-11,0,1,1,-3.4662127,.70678222,-4.8515058,-2.0809195,618063,51.981316,1
full_time_y,No EITC Change,Low Education,Age 20-49,Incl. 2010-11,1,0,1,-4.1649923,.62089968,-5.3819556,-2.9480288,618063,51.981316,1
full_time_y,No EITC Change,Low Education,Age 20-49,Incl. 2010-11,0,0,1,-3.8112285,.6474281,-5.0801873,-2.5422692,618063,51.981316,1
full_time_y,No EITC Change,Low Education,Age 20-49,Incl. 2010-11,1,1,0,-2.805511,.51265615,-3.810317,-1.8007048,618063,51.981316,1
full_time_y,No EITC Change,Low Education,Age 20-49,Incl. 2010-11,0,1,0,-2.399471,.53577906,-3.4495978,-1.349344,618063,51.981316,1
full_time_y,No EITC Change,Low Education,Age 20-49,Incl. 2010-11,1,0,0,-2.9425187,.38853562,-3.7040486,-2.180989,618063,51.981316,1
full_time_y,No EITC Change,Low Education,Age 20-49,Incl. 2010-11,0,0,0,-2.7231948,.37868512,-3.4654176,-1.9809721,618063,51.981316,1
full_time_y,Medicaid Expansion,All Education,Age 20-64,Excl. 2010-11,1,1,1,-3.6829574,.67559838,-5.0071301,-2.3587844,385444,56.511272,1
full_time_y,Medicaid Expansion,All Education,Age 20-64,Excl. 2010-11,0,1,1,-2.5612819,.64783114,-3.8310311,-1.2915329,496441,56.511272,1
full_time_y,Medicaid Expansion,All Education,Age 20-64,Excl. 2010-11,1,0,1,-3.4513338,.53163582,-4.49334,-2.4093275,385444,56.511272,1
full_time_y,Medicaid Expansion,All Education,Age 20-64,Excl. 2010-11,0,0,1,-2.6085212,.39502093,-3.3827622,-1.8342801,496441,56.511272,1
full_time_y,Medicaid Expansion,All Education,Age 20-64,Excl. 2010-11,1,1,0,-3.3575692,.93103117,-5.1823902,-1.5327482,385444,56.511272,1
full_time_y,Medicaid Expansion,All Education,Age 20-64,Excl. 2010-11,0,1,0,-2.2644343,.91801429,-4.0637422,-.46512616,496441,56.511272,1
full_time_y,Medicaid Expansion,All Education,Age 20-64,Excl. 2010-11,1,0,0,-2.9963107,.64631891,-4.2630959,-1.7295256,385444,56.511272,1
full_time_y,Medicaid Expansion,All Education,Age 20-64,Excl. 2010-11,0,0,0,-2.2161987,.5019294,-3.1999803,-1.232417,496441,56.511272,1
full_time_y,Medicaid Expansion,All Education,Age 20-49,Excl. 2010-11,1,1,1,-3.665709,.86340934,-5.3579912,-1.9734266,314233,56.714176,1
full_time_y,Medicaid Expansion,All Education,Age 20-49,Excl. 2010-11,0,1,1,-3.1623268,.82009792,-4.7697186,-1.554935,314233,56.714176,1
full_time_y,Medicaid Expansion,All Education,Age 20-49,Excl. 2010-11,1,0,1,-3.3655961,.77111381,-4.8769794,-1.854213,314233,56.714176,1
full_time_y,Medicaid Expansion,All Education,Age 20-49,Excl. 2010-11,0,0,1,-2.9542058,.74442738,-4.4132833,-1.4951282,314233,56.714176,1
full_time_y,Medicaid Expansion,All Education,Age 20-49,Excl. 2010-11,1,1,0,-3.3023756,1.0612479,-5.3824215,-1.2223297,314233,56.714176,1
full_time_y,Medicaid Expansion,All Education,Age 20-49,Excl. 2010-11,0,1,0,-2.7609422,1.0659202,-4.8501458,-.67173845,314233,56.714176,1
full_time_y,Medicaid Expansion,All Education,Age 20-49,Excl. 2010-11,1,0,0,-2.8587189,.8359741,-4.4972281,-1.2202096,314233,56.714176,1
full_time_y,Medicaid Expansion,All Education,Age 20-49,Excl. 2010-11,0,0,0,-2.4038818,.82081509,-4.0126796,-.79508424,314233,56.714176,1
full_time_y,Medicaid Expansion,Low Education,Age 20-64,Excl. 2010-11,1,1,1,-4.5333962,.95352548,-6.4023066,-2.6644864,222770,51.016644,1
full_time_y,Medicaid Expansion,Low Education,Age 20-64,Excl. 2010-11,0,1,1,-3.5220149,.75535935,-5.0025191,-2.0415106,290632,51.016644,1
full_time_y,Medicaid Expansion,Low Education,Age 20-64,Excl. 2010-11,1,0,1,-4.0134459,.713099,-5.4111199,-2.6157718,222770,51.016644,1
full_time_y,Medicaid Expansion,Low Education,Age 20-64,Excl. 2010-11,0,0,1,-2.9900696,.48303837,-3.9368248,-2.0433142,290632,51.016644,1
full_time_y,Medicaid Expansion,Low Education,Age 20-64,Excl. 2010-11,1,1,0,-4.1461868,1.1484054,-6.3970618,-1.8953123,222770,51.016644,1
full_time_y,Medicaid Expansion,Low Education,Age 20-64,Excl. 2010-11,0,1,0,-3.2733765,.89759481,-5.0326624,-1.5140908,290632,51.016644,1
full_time_y,Medicaid Expansion,Low Education,Age 20-64,Excl. 2010-11,1,0,0,-3.5133672,.76671106,-5.0161209,-2.0106134,222770,51.016644,1
full_time_y,Medicaid Expansion,Low Education,Age 20-64,Excl. 2010-11,0,0,0,-2.6470885,.52623302,-3.6785052,-1.6156719,290632,51.016644,1
full_time_y,Medicaid Expansion,Low Education,Age 20-49,Excl. 2010-11,1,1,1,-4.5500383,1.1771755,-6.8573022,-2.2427742,178830,51.289581,1
full_time_y,Medicaid Expansion,Low Education,Age 20-49,Excl. 2010-11,0,1,1,-4.3325081,1.0434911,-6.3777504,-2.2872653,178830,51.289581,1
full_time_y,Medicaid Expansion,Low Education,Age 20-49,Excl. 2010-11,1,0,1,-3.9239259,1.0190011,-5.9211679,-1.9266835,178830,51.289581,1
full_time_y,Medicaid Expansion,Low Education,Age 20-49,Excl. 2010-11,0,0,1,-3.6980259,.94893444,-5.5579376,-1.8381146,178830,51.289581,1
full_time_y,Medicaid Expansion,Low Education,Age 20-49,Excl. 2010-11,1,1,0,-3.9710686,1.3067396,-6.5322781,-1.4098591,178830,51.289581,1
full_time_y,Medicaid Expansion,Low Education,Age 20-49,Excl. 2010-11,0,1,0,-3.7667673,1.2179058,-6.153863,-1.3796719,178830,51.289581,1
full_time_y,Medicaid Expansion,Low Education,Age 20-49,Excl. 2010-11,1,0,0,-3.2020404,1.0402499,-5.2409301,-1.1631505,178830,51.289581,1
full_time_y,Medicaid Expansion,Low Education,Age 20-49,Excl. 2010-11,0,0,0,-2.9907038,.96268761,-4.8775716,-1.1038362,178830,51.289581,1
full_time_y,No State EITC,All Education,Age 20-64,Excl. 2010-11,1,1,1,-3.2057297,.46983904,-4.1266141,-2.2848451,837212,56.511272,1
full_time_y,No State EITC,All Education,Age 20-64,Excl. 2010-11,0,1,1,-2.5920975,.42298523,-3.4211485,-1.7630464,1086875,56.511272,1
full_time_y,No State EITC,All Education,Age 20-64,Excl. 2010-11,1,0,1,-3.283721,.43177137,-4.129993,-2.4374492,837212,56.511272,1
full_time_y,No State EITC,All Education,Age 20-64,Excl. 2010-11,0,0,1,-2.770447,.41319937,-3.580318,-1.9605763,1086875,56.511272,1
full_time_y,No State EITC,All Education,Age 20-64,Excl. 2010-11,1,1,0,-2.4345009,.59230155,-3.5954118,-1.2735898,837212,56.511272,1
full_time_y,No State EITC,All Education,Age 20-64,Excl. 2010-11,0,1,0,-2.1138639,.44255587,-2.9812737,-1.2464545,1086875,56.511272,1
full_time_y,No State EITC,All Education,Age 20-64,Excl. 2010-11,1,0,0,-2.3667035,.3917329,-3.1344998,-1.598907,837212,56.511272,1
full_time_y,No State EITC,All Education,Age 20-64,Excl. 2010-11,0,0,0,-2.2427971,.31802797,-2.8661318,-1.6194623,1086875,56.511272,1
full_time_y,No State EITC,All Education,Age 20-49,Excl. 2010-11,1,1,1,-3.3091342,.60999709,-4.5047288,-2.1135399,677536,56.714176,1
full_time_y,No State EITC,All Education,Age 20-49,Excl. 2010-11,0,1,1,-2.7596166,.61730671,-3.9695377,-1.5496954,677536,56.714176,1
full_time_y,No State EITC,All Education,Age 20-49,Excl. 2010-11,1,0,1,-3.3228285,.57724744,-4.4542336,-2.1914237,677536,56.714176,1
full_time_y,No State EITC,All Education,Age 20-49,Excl. 2010-11,0,0,1,-2.831949,.6157099,-4.0387402,-1.6251576,677536,56.714176,1
full_time_y,No State EITC,All Education,Age 20-49,Excl. 2010-11,1,1,0,-2.652231,.60299575,-3.8341029,-1.4703594,677536,56.714176,1
full_time_y,No State EITC,All Education,Age 20-49,Excl. 2010-11,0,1,0,-2.3315291,.5643841,-3.437722,-1.2253363,677536,56.714176,1
full_time_y,No State EITC,All Education,Age 20-49,Excl. 2010-11,1,0,0,-2.5293527,.41422558,-3.3412347,-1.7174705,677536,56.714176,1
full_time_y,No State EITC,All Education,Age 20-49,Excl. 2010-11,0,0,0,-2.3363931,.37253869,-3.0665689,-1.6062174,677536,56.714176,1
full_time_y,No State EITC,Low Education,Age 20-64,Excl. 2010-11,1,1,1,-4.0007625,.54911816,-5.077034,-2.9244907,511813,51.016644,1
full_time_y,No State EITC,Low Education,Age 20-64,Excl. 2010-11,0,1,1,-3.4357584,.59656537,-4.6050262,-2.2664902,672395,51.016644,1
full_time_y,No State EITC,Low Education,Age 20-64,Excl. 2010-11,1,0,1,-3.9909794,.48398089,-4.9395819,-3.042377,511813,51.016644,1
full_time_y,No State EITC,Low Education,Age 20-64,Excl. 2010-11,0,0,1,-3.3275642,.54529625,-4.3963447,-2.2587836,672395,51.016644,1
full_time_y,No State EITC,Low Education,Age 20-64,Excl. 2010-11,1,1,0,-2.7515345,.68120509,-4.0866961,-1.4163724,511813,51.016644,1
full_time_y,No State EITC,Low Education,Age 20-64,Excl. 2010-11,0,1,0,-2.4383287,.62421894,-3.6617978,-1.2148595,672395,51.016644,1
full_time_y,No State EITC,Low Education,Age 20-64,Excl. 2010-11,1,0,0,-2.5211008,.46122345,-3.4250987,-1.6171026,511813,51.016644,1
full_time_y,No State EITC,Low Education,Age 20-64,Excl. 2010-11,0,0,0,-2.1243296,.44157773,-2.9898219,-1.2588372,672395,51.016644,1
full_time_y,No State EITC,Low Education,Age 20-49,Excl. 2010-11,1,1,1,-4.0121241,.83564967,-5.6499977,-2.3742509,409236,51.289581,1
full_time_y,No State EITC,Low Education,Age 20-49,Excl. 2010-11,0,1,1,-3.6760755,.83351648,-5.3097677,-2.042383,409236,51.289581,1
full_time_y,No State EITC,Low Education,Age 20-49,Excl. 2010-11,1,0,1,-3.9834979,.74780917,-5.449204,-2.517792,409236,51.289581,1
full_time_y,No State EITC,Low Education,Age 20-49,Excl. 2010-11,0,0,1,-3.6470327,.75675565,-5.1302738,-2.1637917,409236,51.289581,1
full_time_y,No State EITC,Low Education,Age 20-49,Excl. 2010-11,1,1,0,-2.7675734,.78388304,-4.3039842,-1.2311625,409236,51.289581,1
full_time_y,No State EITC,Low Education,Age 20-49,Excl. 2010-11,0,1,0,-2.4976711,.82035184,-4.1055608,-.88978159,409236,51.289581,1
full_time_y,No State EITC,Low Education,Age 20-49,Excl. 2010-11,1,0,0,-2.5276425,.50629336,-3.5199776,-1.5353075,409236,51.289581,1
full_time_y,No State EITC,Low Education,Age 20-49,Excl. 2010-11,0,0,0,-2.269706,.51435411,-3.2778401,-1.2615719,409236,51.289581,1
full_time_y,No EITC Change,All Education,Age 20-64,Excl. 2010-11,1,1,1,-3.1685042,.51684695,-4.1815243,-2.1554842,940609,56.511272,1
full_time_y,No EITC Change,All Education,Age 20-64,Excl. 2010-11,0,1,1,-2.7385046,.40742272,-3.5370533,-1.9399562,1220172,56.511272,1
full_time_y,No EITC Change,All Education,Age 20-64,Excl. 2010-11,1,0,1,-3.1485341,.4647454,-4.0594354,-2.2376332,940609,56.511272,1
full_time_y,No EITC Change,All Education,Age 20-64,Excl. 2010-11,0,0,1,-2.6737201,.41453534,-3.4862094,-1.8612309,1220172,56.511272,1
full_time_y,No EITC Change,All Education,Age 20-64,Excl. 2010-11,1,1,0,-2.5163419,.56083614,-3.6155808,-1.4171032,940609,56.511272,1
full_time_y,No EITC Change,All Education,Age 20-64,Excl. 2010-11,0,1,0,-2.39147,.42391768,-3.2223487,-1.5605912,1220172,56.511272,1
full_time_y,No EITC Change,All Education,Age 20-64,Excl. 2010-11,1,0,0,-2.3726978,.35647225,-3.0713835,-1.6740121,940609,56.511272,1
full_time_y,No EITC Change,All Education,Age 20-64,Excl. 2010-11,0,0,0,-2.2459865,.29538298,-2.8249371,-1.6670358,1220172,56.511272,1
full_time_y,No EITC Change,All Education,Age 20-49,Excl. 2010-11,1,1,1,-3.2772644,.64129519,-4.5342031,-2.0203259,761195,56.714176,1
full_time_y,No EITC Change,All Education,Age 20-49,Excl. 2010-11,0,1,1,-2.7742164,.62633353,-4.0018301,-1.5466027,761195,56.714176,1
full_time_y,No EITC Change,All Education,Age 20-49,Excl. 2010-11,1,0,1,-3.2206984,.57972419,-4.3569579,-2.084439,761195,56.714176,1
full_time_y,No EITC Change,All Education,Age 20-49,Excl. 2010-11,0,0,1,-2.7889283,.59318584,-3.9515724,-1.626284,761195,56.714176,1
full_time_y,No EITC Change,All Education,Age 20-49,Excl. 2010-11,1,1,0,-2.696712,.56832325,-3.8106258,-1.5827985,761195,56.714176,1
full_time_y,No EITC Change,All Education,Age 20-49,Excl. 2010-11,0,1,0,-2.3633068,.51954591,-3.3816168,-1.3449968,761195,56.714176,1
full_time_y,No EITC Change,All Education,Age 20-49,Excl. 2010-11,1,0,0,-2.5204632,.37801576,-3.2613742,-1.7795523,761195,56.714176,1
full_time_y,No EITC Change,All Education,Age 20-49,Excl. 2010-11,0,0,0,-2.3108795,.33821416,-2.9737792,-1.6479799,761195,56.714176,1
full_time_y,No EITC Change,Low Education,Age 20-64,Excl. 2010-11,1,1,1,-3.9816384,.54745674,-5.0546536,-2.9086232,577039,51.016644,1
full_time_y,No EITC Change,Low Education,Age 20-64,Excl. 2010-11,0,1,1,-3.58499,.54271489,-4.6487112,-2.5212688,757303,51.016644,1
full_time_y,No EITC Change,Low Education,Age 20-64,Excl. 2010-11,1,0,1,-3.8891311,.46667433,-4.8038125,-2.9744494,577039,51.016644,1
full_time_y,No EITC Change,Low Education,Age 20-64,Excl. 2010-11,0,0,1,-3.2628798,.52010149,-4.282279,-2.2434812,757303,51.016644,1
full_time_y,No EITC Change,Low Education,Age 20-64,Excl. 2010-11,1,1,0,-2.7981548,.62358183,-4.0203753,-1.5759344,577039,51.016644,1
full_time_y,No EITC Change,Low Education,Age 20-64,Excl. 2010-11,0,1,0,-2.6608984,.55191892,-3.7426596,-1.5791373,757303,51.016644,1
full_time_y,No EITC Change,Low Education,Age 20-64,Excl. 2010-11,1,0,0,-2.5081043,.40705273,-3.3059278,-1.710281,577039,51.016644,1
full_time_y,No EITC Change,Low Education,Age 20-64,Excl. 2010-11,0,0,0,-2.1142538,.38911971,-2.8769286,-1.3515793,757303,51.016644,1
full_time_y,No EITC Change,Low Education,Age 20-49,Excl. 2010-11,1,1,1,-4.0766444,.79529071,-5.6354141,-2.5178745,461616,51.289581,1
full_time_y,No EITC Change,Low Education,Age 20-49,Excl. 2010-11,0,1,1,-3.7620814,.78016102,-5.2911968,-2.2329657,461616,51.289581,1
full_time_y,No EITC Change,Low Education,Age 20-49,Excl. 2010-11,1,0,1,-3.9822333,.69681835,-5.3479972,-2.6164694,461616,51.289581,1
full_time_y,No EITC Change,Low Education,Age 20-49,Excl. 2010-11,0,0,1,-3.640744,.70805216,-5.0285258,-2.2529616,461616,51.289581,1
full_time_y,No EITC Change,Low Education,Age 20-49,Excl. 2010-11,1,1,0,-2.8308823,.69703919,-4.1970792,-1.4646856,461616,51.289581,1
full_time_y,No EITC Change,Low Education,Age 20-49,Excl. 2010-11,0,1,0,-2.5459969,.71785337,-3.9529896,-1.1390043,461616,51.289581,1
full_time_y,No EITC Change,Low Education,Age 20-49,Excl. 2010-11,1,0,0,-2.5371451,.45031986,-3.4197721,-1.6545184,461616,51.289581,1
full_time_y,No EITC Change,Low Education,Age 20-49,Excl. 2010-11,0,0,0,-2.2231452,.45121372,-3.1075242,-1.3387665,461616,51.289581,1
employed_y,Medicaid Expansion,All Education,Age 20-64,Incl. 2010-11,1,1,1,-.34121069,.60260451,-1.5223156,.83989418,508499,76.193275,0
employed_y,Medicaid Expansion,All Education,Age 20-64,Incl. 2010-11,0,1,1,.0036897946,.47669205,-.93062663,.93800616,654149,76.193275,0
employed_y,Medicaid Expansion,All Education,Age 20-64,Incl. 2010-11,1,0,1,-.83942318,.34379822,-1.5132676,-.16557866,508499,76.193275,1
employed_y,Medicaid Expansion,All Education,Age 20-64,Incl. 2010-11,0,0,1,-.45921656,.30934271,-1.0655283,.14709513,654149,76.193275,0
employed_y,Medicaid Expansion,All Education,Age 20-64,Incl. 2010-11,1,1,0,-.54574358,.56426454,-1.6517022,.560215,508499,76.193275,0
employed_y,Medicaid Expansion,All Education,Age 20-64,Incl. 2010-11,0,1,0,-.26893601,.53352559,-1.3146462,.77677417,654149,76.193275,0
employed_y,Medicaid Expansion,All Education,Age 20-64,Incl. 2010-11,1,0,0,-1.0325581,.36799353,-1.7538254,-.31129077,508499,76.193275,1
employed_y,Medicaid Expansion,All Education,Age 20-64,Incl. 2010-11,0,0,0,-.71608627,.41550809,-1.5304822,.098309606,654149,76.193275,0
employed_y,Medicaid Expansion,All Education,Age 20-49,Incl. 2010-11,1,1,1,-.045106363,.65795809,-1.3347043,1.2444915,413435,76.431465,0
employed_y,Medicaid Expansion,All Education,Age 20-49,Incl. 2010-11,0,1,1,.43380624,.64729106,-.83488423,1.7024966,413435,76.431465,0
employed_y,Medicaid Expansion,All Education,Age 20-49,Incl. 2010-11,1,0,1,-.36941794,.45142812,-1.254217,.51538116,413435,76.431465,0
employed_y,Medicaid Expansion,All Education,Age 20-49,Incl. 2010-11,0,0,1,-.073084392,.51463717,-1.0817732,.93560445,413435,76.431465,0
employed_y,Medicaid Expansion,All Education,Age 20-49,Incl. 2010-11,1,1,0,-.016760794,.54266793,-1.08039,1.0468683,413435,76.431465,0
employed_y,Medicaid Expansion,All Education,Age 20-49,Incl. 2010-11,0,1,0,.51443404,.56325394,-.5895437,1.6184118,413435,76.431465,0
employed_y,Medicaid Expansion,All Education,Age 20-49,Incl. 2010-11,1,0,0,-.34350553,.43555421,-1.1971917,.51018071,413435,76.431465,0
employed_y,Medicaid Expansion,All Education,Age 20-49,Incl. 2010-11,0,0,0,.0090128453,.51453418,-.99947417,1.0174999,413435,76.431465,0
employed_y,Medicaid Expansion,Low Education,Age 20-64,Incl. 2010-11,1,1,1,.10992911,.80792427,-1.4736024,1.6934607,297440,71.504593,0
employed_y,Medicaid Expansion,Low Education,Age 20-64,Incl. 2010-11,0,1,1,.13396192,.65115643,-1.1423047,1.4102285,386620,71.504593,0
employed_y,Medicaid Expansion,Low Education,Age 20-64,Incl. 2010-11,1,0,1,-.35754943,.4561134,-1.2515317,.53643286,297440,71.504593,0
employed_y,Medicaid Expansion,Low Education,Age 20-64,Incl. 2010-11,0,0,1,.049201403,.42829239,-.79025167,.88865447,386620,71.504593,0
employed_y,Medicaid Expansion,Low Education,Age 20-64,Incl. 2010-11,1,1,0,-.19934808,.77287853,-1.71419,1.3154938,297440,71.504593,0
employed_y,Medicaid Expansion,Low Education,Age 20-64,Incl. 2010-11,0,1,0,-.27005324,.70523131,-1.6523066,1.1122001,386620,71.504593,0
employed_y,Medicaid Expansion,Low Education,Age 20-64,Incl. 2010-11,1,0,0,-.64007592,.53177941,-1.6823635,.4022117,297440,71.504593,0
employed_y,Medicaid Expansion,Low Education,Age 20-64,Incl. 2010-11,0,0,0,-.33030522,.55802661,-1.4240373,.7634269,386620,71.504593,0
employed_y,Medicaid Expansion,Low Education,Age 20-49,Incl. 2010-11,1,1,1,.21051647,.9028728,-1.5591142,1.9801471,238636,71.996269,0
employed_y,Medicaid Expansion,Low Education,Age 20-49,Incl. 2010-11,0,1,1,.45204622,.85424167,-1.2222675,2.1263599,238636,71.996269,0
employed_y,Medicaid Expansion,Low Education,Age 20-49,Incl. 2010-11,1,0,1,-.12898424,.57285327,-1.2517767,.99380815,238636,71.996269,0
employed_y,Medicaid Expansion,Low Education,Age 20-49,Incl. 2010-11,0,0,1,.078265943,.60970998,-1.1167656,1.2732975,238636,71.996269,0
employed_y,Medicaid Expansion,Low Education,Age 20-49,Incl. 2010-11,1,1,0,.27588657,.67916209,-1.0552711,1.6070442,238636,71.996269,0
employed_y,Medicaid Expansion,Low Education,Age 20-49,Incl. 2010-11,0,1,0,.5424903,.67708838,-.78460294,1.8695835,238636,71.996269,0
employed_y,Medicaid Expansion,Low Education,Age 20-49,Incl. 2010-11,1,0,0,-.069742799,.55814886,-1.1637145,1.0242289,238636,71.996269,0
employed_y,Medicaid Expansion,Low Education,Age 20-49,Incl. 2010-11,0,0,0,.16691649,.60649467,-1.0218132,1.355646,238636,71.996269,0
employed_y,No State EITC,All Education,Age 20-64,Incl. 2010-11,1,1,1,-.97516674,.35098061,-1.6630888,-.28724477,1107369,76.193275,1
employed_y,No State EITC,All Education,Age 20-64,Incl. 2010-11,0,1,1,-.85913873,.31449071,-1.4755405,-.24273692,1434123,76.193275,1
employed_y,No State EITC,All Education,Age 20-64,Incl. 2010-11,1,0,1,-.96473753,.22278516,-1.4013965,-.52807862,1107369,76.193275,1
employed_y,No State EITC,All Education,Age 20-64,Incl. 2010-11,0,0,1,-.73376483,.23876895,-1.2017519,-.26577771,1434123,76.193275,1
employed_y,No State EITC,All Education,Age 20-64,Incl. 2010-11,1,1,0,-.70801604,.39550519,-1.4832063,.067174144,1107369,76.193275,0
employed_y,No State EITC,All Education,Age 20-64,Incl. 2010-11,0,1,0,-.89705145,.34545597,-1.5741452,-.21995777,1434123,76.193275,1
employed_y,No State EITC,All Education,Age 20-64,Incl. 2010-11,1,0,0,-.66891098,.27777946,-1.2133588,-.12446325,1107369,76.193275,1
employed_y,No State EITC,All Education,Age 20-64,Incl. 2010-11,0,0,0,-.75939649,.28451335,-1.3170427,-.20175035,1434123,76.193275,1
employed_y,No State EITC,All Education,Age 20-49,Incl. 2010-11,1,1,1,-.55343574,.38535824,-1.3087379,.20186642,894237,76.431465,0
employed_y,No State EITC,All Education,Age 20-49,Incl. 2010-11,0,1,1,.028878611,.46520552,-.8829242,.94068146,894237,76.431465,0
employed_y,No State EITC,All Education,Age 20-49,Incl. 2010-11,1,0,1,-.61560029,.29195139,-1.187825,-.043375578,894237,76.431465,1
employed_y,No State EITC,All Education,Age 20-49,Incl. 2010-11,0,0,1,-.20227386,.40297559,-.99210602,.58755827,894237,76.431465,0
employed_y,No State EITC,All Education,Age 20-49,Incl. 2010-11,1,1,0,-.25617692,.35242531,-.94693053,.43457669,894237,76.431465,0
employed_y,No State EITC,All Education,Age 20-49,Incl. 2010-11,0,1,0,.1948338,.3701494,-.53065902,.92032665,894237,76.431465,0
employed_y,No State EITC,All Education,Age 20-49,Incl. 2010-11,1,0,0,-.29671165,.26544294,-.81697977,.22355649,894237,76.431465,0
employed_y,No State EITC,All Education,Age 20-49,Incl. 2010-11,0,0,0,-.05448816,.29189992,-.62661201,.5176357,894237,76.431465,0
employed_y,No State EITC,Low Education,Age 20-64,Incl. 2010-11,1,1,1,-.66868359,.448237,-1.5472281,.20986095,685742,71.504593,0
employed_y,No State EITC,Low Education,Age 20-64,Incl. 2010-11,0,1,1,-.72131574,.4227052,-1.5498179,.10718644,897407,71.504593,0
employed_y,No State EITC,Low Education,Age 20-64,Incl. 2010-11,1,0,1,-.49130201,.30470756,-1.0885289,.10592482,685742,71.504593,0
employed_y,No State EITC,Low Education,Age 20-64,Incl. 2010-11,0,0,1,-.29071838,.32960016,-.93673468,.35529795,897407,71.504593,0
employed_y,No State EITC,Low Education,Age 20-64,Incl. 2010-11,1,1,0,-.51301628,.49505749,-1.4833289,.45729637,685742,71.504593,0
employed_y,No State EITC,Low Education,Age 20-64,Incl. 2010-11,0,1,0,-.6230725,.46768552,-1.5397362,.29359108,897407,71.504593,0
employed_y,No State EITC,Low Education,Age 20-64,Incl. 2010-11,1,0,0,-.29876256,.32848313,-.94258952,.34506437,685742,71.504593,0
employed_y,No State EITC,Low Education,Age 20-64,Incl. 2010-11,0,0,0,-.12022296,.38175094,-.86845481,.6280089,897407,71.504593,0
employed_y,No State EITC,Low Education,Age 20-49,Incl. 2010-11,1,1,1,-.38406023,.48477638,-1.334222,.56610149,547981,71.996269,0
employed_y,No State EITC,Low Education,Age 20-49,Incl. 2010-11,0,1,1,.126122,.52270949,-.89838856,1.1506325,547981,71.996269,0
employed_y,No State EITC,Low Education,Age 20-49,Incl. 2010-11,1,0,1,-.36313236,.40668017,-1.1602255,.4339608,547981,71.996269,0
employed_y,No State EITC,Low Education,Age 20-49,Incl. 2010-11,0,0,1,-.029264264,.47654122,-.96328509,.90475655,547981,71.996269,0
employed_y,No State EITC,Low Education,Age 20-49,Incl. 2010-11,1,1,0,-.068500996,.41449127,-.8809039,.74390191,547981,71.996269,0
employed_y,No State EITC,Low Education,Age 20-49,Incl. 2010-11,0,1,0,.53329474,.41309693,-.27637526,1.3429648,547981,71.996269,0
employed_y,No State EITC,Low Education,Age 20-49,Incl. 2010-11,1,0,0,-.021578323,.29313686,-.59612656,.55296993,547981,71.996269,0
employed_y,No State EITC,Low Education,Age 20-49,Incl. 2010-11,0,0,0,.38616756,.30718204,-.21590927,.98824435,547981,71.996269,0
employed_y,No EITC Change,All Education,Age 20-64,Incl. 2010-11,1,1,1,-.91973233,.33603299,-1.578357,-.26110771,1244192,76.193275,1
employed_y,No EITC Change,All Education,Age 20-64,Incl. 2010-11,0,1,1,-.94920641,.27362147,-1.4855045,-.41290835,1610042,76.193275,1
employed_y,No EITC Change,All Education,Age 20-64,Incl. 2010-11,1,0,1,-.89005733,.24466178,-1.3695943,-.4105202,1244192,76.193275,1
employed_y,No EITC Change,All Education,Age 20-64,Incl. 2010-11,0,0,1,-.68970114,.2355212,-1.1513227,-.22807957,1610042,76.193275,1
employed_y,No EITC Change,All Education,Age 20-64,Incl. 2010-11,1,1,0,-.59051865,.3724055,-1.3204334,.13939615,1244192,76.193275,0
employed_y,No EITC Change,All Education,Age 20-64,Incl. 2010-11,0,1,0,-.89084953,.34046054,-1.5581522,-.22354683,1610042,76.193275,1
employed_y,No EITC Change,All Education,Age 20-64,Incl. 2010-11,1,0,0,-.52211136,.26192871,-1.0354916,-.0087311072,1244192,76.193275,1
employed_y,No EITC Change,All Education,Age 20-64,Incl. 2010-11,0,0,0,-.58204031,.2645613,-1.1005805,-.063500151,1610042,76.193275,1
employed_y,No EITC Change,All Education,Age 20-49,Incl. 2010-11,1,1,1,-.51511127,.36826485,-1.2369103,.20668787,1004793,76.431465,0
employed_y,No EITC Change,All Education,Age 20-49,Incl. 2010-11,0,1,1,-.0023800016,.42618975,-.83771193,.83295196,1004793,76.431465,0
employed_y,No EITC Change,All Education,Age 20-49,Incl. 2010-11,1,0,1,-.54482561,.30519778,-1.1430132,.05336206,1004793,76.431465,0
employed_y,No EITC Change,All Education,Age 20-49,Incl. 2010-11,0,0,1,-.18587893,.38796136,-.94628322,.57452536,1004793,76.431465,0
employed_y,No EITC Change,All Education,Age 20-49,Incl. 2010-11,1,1,0,-.12226877,.32729301,-.76376307,.51922548,1004793,76.431465,0
employed_y,No EITC Change,All Education,Age 20-49,Incl. 2010-11,0,1,0,.31743747,.34817466,-.3649849,.99985981,1004793,76.431465,0
employed_y,No EITC Change,All Education,Age 20-49,Incl. 2010-11,1,0,0,-.11615775,.26444376,-.63446748,.402152,1004793,76.431465,0
employed_y,No EITC Change,All Education,Age 20-49,Incl. 2010-11,0,0,0,.13587527,.285826,-.42434368,.69609421,1004793,76.431465,0
employed_y,No EITC Change,Low Education,Age 20-64,Incl. 2010-11,1,1,1,-.6049819,.41029447,-1.4091591,.19919522,773044,71.504593,0
employed_y,No EITC Change,Low Education,Age 20-64,Incl. 2010-11,0,1,1,-.78014553,.37161618,-1.5085132,-.051777843,1010680,71.504593,1
employed_y,No EITC Change,Low Education,Age 20-64,Incl. 2010-11,1,0,1,-.48589665,.28793573,-1.0502506,.07845737,773044,71.504593,0
employed_y,No EITC Change,Low Education,Age 20-64,Incl. 2010-11,0,0,1,-.28508994,.32678527,-.92558903,.35540915,1010680,71.504593,0
employed_y,No EITC Change,Low Education,Age 20-64,Incl. 2010-11,1,1,0,-.29828262,.45511016,-1.1902986,.59373331,773044,71.504593,0
employed_y,No EITC Change,Low Education,Age 20-64,Incl. 2010-11,0,1,0,-.52708924,.45359427,-1.416134,.36195549,1010680,71.504593,0
employed_y,No EITC Change,Low Education,Age 20-64,Incl. 2010-11,1,0,0,-.13340434,.30970764,-.74043131,.47362265,773044,71.504593,0
employed_y,No EITC Change,Low Education,Age 20-64,Incl. 2010-11,0,0,0,.075895153,.34759021,-.60538167,.75717193,1010680,71.504593,0
employed_y,No EITC Change,Low Education,Age 20-49,Incl. 2010-11,1,1,1,-.39993134,.4614996,-1.3044705,.50460786,618063,71.996269,0
employed_y,No EITC Change,Low Education,Age 20-49,Incl. 2010-11,0,1,1,.017361244,.48669133,-.93655372,.97127622,618063,71.996269,0
employed_y,No EITC Change,Low Education,Age 20-49,Incl. 2010-11,1,0,1,-.42073223,.39018953,-1.1855037,.34403926,618063,71.996269,0
employed_y,No EITC Change,Low Education,Age 20-49,Incl. 2010-11,0,0,1,-.10670704,.45106679,-.99079794,.77738386,618063,71.996269,0
employed_y,No EITC Change,Low Education,Age 20-49,Incl. 2010-11,1,1,0,.12241102,.37246674,-.60762382,.85244584,618063,71.996269,0
employed_y,No EITC Change,Low Education,Age 20-49,Incl. 2010-11,0,1,0,.68053919,.38384658,-.071800083,1.4328785,618063,71.996269,0
employed_y,No EITC Change,Low Education,Age 20-49,Incl. 2010-11,1,0,0,.14237407,.2932944,-.43248299,.71723109,618063,71.996269,0
employed_y,No EITC Change,Low Education,Age 20-49,Incl. 2010-11,0,0,0,.59309578,.31049198,-.015468496,1.20166,618063,71.996269,0
employed_y,Medicaid Expansion,All Education,Age 20-64,Excl. 2010-11,1,1,1,-.80295926,.61126399,-2.0010366,.39511812,385444,76.064957,0
employed_y,Medicaid Expansion,All Education,Age 20-64,Excl. 2010-11,0,1,1,-.3744652,.50194651,-1.3582803,.60934997,496441,76.064957,0
employed_y,Medicaid Expansion,All Education,Age 20-64,Excl. 2010-11,1,0,1,-.65226954,.36789003,-1.3733339,.068794958,385444,76.064957,0
employed_y,Medicaid Expansion,All Education,Age 20-64,Excl. 2010-11,0,0,1,-.35439214,.27514932,-.8936848,.18490052,496441,76.064957,0
employed_y,Medicaid Expansion,All Education,Age 20-64,Excl. 2010-11,1,1,0,-1.0385593,.70636564,-2.4230359,.34591734,385444,76.064957,0
employed_y,Medicaid Expansion,All Education,Age 20-64,Excl. 2010-11,0,1,0,-.61310339,.63656503,-1.8607709,.6345641,496441,76.064957,0
employed_y,Medicaid Expansion,All Education,Age 20-64,Excl. 2010-11,1,0,0,-.95036715,.40673625,-1.7475703,-.15316407,385444,76.064957,1
employed_y,Medicaid Expansion,All Education,Age 20-64,Excl. 2010-11,0,0,0,-.66521847,.43257895,-1.5130732,.18263623,496441,76.064957,0
employed_y,Medicaid Expansion,All Education,Age 20-49,Excl. 2010-11,1,1,1,-.53068542,.63298506,-1.7713362,.70996535,314233,76.299644,0
employed_y,Medicaid Expansion,All Education,Age 20-49,Excl. 2010-11,0,1,1,-.17371379,.55751872,-1.2664504,.91902286,314233,76.299644,0
employed_y,Medicaid Expansion,All Education,Age 20-49,Excl. 2010-11,1,0,1,-.19022316,.5240401,-1.2173418,.83689547,314233,76.299644,0
employed_y,Medicaid Expansion,All Education,Age 20-49,Excl. 2010-11,0,0,1,.12572238,.44912586,-.75456429,1.006009,314233,76.299644,0
employed_y,Medicaid Expansion,All Education,Age 20-49,Excl. 2010-11,1,1,0,-.64680988,.60194594,-1.8266239,.53300416,314233,76.299644,0
employed_y,Medicaid Expansion,All Education,Age 20-49,Excl. 2010-11,0,1,0,-.25846919,.5787819,-1.3928818,.87594336,314233,76.299644,0
employed_y,Medicaid Expansion,All Education,Age 20-49,Excl. 2010-11,1,0,0,-.31100094,.44504702,-1.1832931,.56129122,314233,76.299644,0
employed_y,Medicaid Expansion,All Education,Age 20-49,Excl. 2010-11,0,0,0,.04528778,.46002156,-.85635448,.94693005,314233,76.299644,0
employed_y,Medicaid Expansion,Low Education,Age 20-64,Excl. 2010-11,1,1,1,-.32869333,.91785848,-2.1276958,1.4703093,222770,71.188835,0
employed_y,Medicaid Expansion,Low Education,Age 20-64,Excl. 2010-11,0,1,1,-.35345086,.73260254,-1.7893519,1.0824502,290632,71.188835,0
employed_y,Medicaid Expansion,Low Education,Age 20-64,Excl. 2010-11,1,0,1,-.15686575,.54049218,-1.2162304,.9024989,222770,71.188835,0
employed_y,Medicaid Expansion,Low Education,Age 20-64,Excl. 2010-11,0,0,1,.11171201,.46065477,-.79117137,1.0145954,290632,71.188835,0
employed_y,Medicaid Expansion,Low Education,Age 20-64,Excl. 2010-11,1,1,0,-.70454991,1.0403591,-2.743654,1.3345541,222770,71.188835,0
employed_y,Medicaid Expansion,Low Education,Age 20-64,Excl. 2010-11,0,1,0,-.79153824,.90389931,-2.5631809,.98010445,290632,71.188835,0
employed_y,Medicaid Expansion,Low Education,Age 20-64,Excl. 2010-11,1,0,0,-.59508502,.62382132,-1.8177748,.62760478,222770,71.188835,0
employed_y,Medicaid Expansion,Low Education,Age 20-64,Excl. 2010-11,0,0,0,-.37907651,.62101597,-1.5962678,.8381148,290632,71.188835,0
employed_y,Medicaid Expansion,Low Education,Age 20-49,Excl. 2010-11,1,1,1,-.36416146,.98067695,-2.2862883,1.5579653,178830,71.644661,0
employed_y,Medicaid Expansion,Low Education,Age 20-49,Excl. 2010-11,0,1,1,-.27316013,.83043098,-1.9008049,1.3544847,178830,71.644661,0
employed_y,Medicaid Expansion,Low Education,Age 20-49,Excl. 2010-11,1,0,1,.089841858,.64975083,-1.1836698,1.3633535,178830,71.644661,0
employed_y,Medicaid Expansion,Low Education,Age 20-49,Excl. 2010-11,0,0,1,.24583323,.57012928,-.87162012,1.3632866,178830,71.644661,0
employed_y,Medicaid Expansion,Low Education,Age 20-49,Excl. 2010-11,1,1,0,-.49006668,.93734026,-2.3272536,1.3471203,178830,71.644661,0
employed_y,Medicaid Expansion,Low Education,Age 20-49,Excl. 2010-11,0,1,0,-.35458139,.85827339,-2.0367973,1.3276345,178830,71.644661,0
employed_y,Medicaid Expansion,Low Education,Age 20-49,Excl. 2010-11,1,0,0,-.030433124,.57577151,-1.1589453,1.0980791,178830,71.644661,0
employed_y,Medicaid Expansion,Low Education,Age 20-49,Excl. 2010-11,0,0,0,.1843753,.58261621,-.95755243,1.326303,178830,71.644661,0
employed_y,No State EITC,All Education,Age 20-64,Excl. 2010-11,1,1,1,-.92987078,.34985,-1.6155767,-.24416481,837212,76.064957,1
employed_y,No State EITC,All Education,Age 20-64,Excl. 2010-11,0,1,1,-.81367946,.41072467,-1.6186998,-.008659129,1086875,76.064957,1
employed_y,No State EITC,All Education,Age 20-64,Excl. 2010-11,1,0,1,-.94682497,.188315,-1.3159224,-.57772756,837212,76.064957,1
employed_y,No State EITC,All Education,Age 20-64,Excl. 2010-11,0,0,1,-.80750901,.24595043,-1.2895719,-.32544613,1086875,76.064957,1
employed_y,No State EITC,All Education,Age 20-64,Excl. 2010-11,1,1,0,-.44808501,.44536659,-1.3210036,.42483351,837212,76.064957,0
employed_y,No State EITC,All Education,Age 20-64,Excl. 2010-11,0,1,0,-.57676446,.35363039,-1.2698801,.11635109,1086875,76.064957,0
employed_y,No State EITC,All Education,Age 20-64,Excl. 2010-11,1,0,0,-.36580545,.36774224,-1.0865803,.35496938,837212,76.064957,0
employed_y,No State EITC,All Education,Age 20-64,Excl. 2010-11,0,0,0,-.51935321,.34181386,-1.1893084,.15060198,1086875,76.064957,0
employed_y,No State EITC,All Education,Age 20-49,Excl. 2010-11,1,1,1,-.61022627,.40632787,-1.4066288,.18617639,677536,76.299644,0
employed_y,No State EITC,All Education,Age 20-49,Excl. 2010-11,0,1,1,-.16907004,.43239942,-1.016573,.67843288,677536,76.299644,0
employed_y,No State EITC,All Education,Age 20-49,Excl. 2010-11,1,0,1,-.65650028,.28054184,-1.2063622,-.10663828,677536,76.299644,1
employed_y,No State EITC,All Education,Age 20-49,Excl. 2010-11,0,0,1,-.26826254,.27604261,-.80930609,.27278098,677536,76.299644,0
employed_y,No State EITC,All Education,Age 20-49,Excl. 2010-11,1,1,0,-.13442445,.4418726,-1.0004947,.73164588,677536,76.299644,0
employed_y,No State EITC,All Education,Age 20-49,Excl. 2010-11,0,1,0,.21415789,.46552339,-.69826794,1.1265837,677536,76.299644,0
employed_y,No State EITC,All Education,Age 20-49,Excl. 2010-11,1,0,0,-.092529483,.34051844,-.75994563,.57488668,677536,76.299644,0
employed_y,No State EITC,All Education,Age 20-49,Excl. 2010-11,0,0,0,.16723345,.33962867,-.49843875,.83290565,677536,76.299644,0
employed_y,No State EITC,Low Education,Age 20-64,Excl. 2010-11,1,1,1,-.48864266,.51782072,-1.5035713,.52628589,511813,71.188835,0
employed_y,No State EITC,Low Education,Age 20-64,Excl. 2010-11,0,1,1,-.73704219,.59392875,-1.9011426,.42705816,672395,71.188835,0
employed_y,No State EITC,Low Education,Age 20-64,Excl. 2010-11,1,0,1,-.51635593,.31093162,-1.1257819,.093070008,511813,71.188835,0
employed_y,No State EITC,Low Education,Age 20-64,Excl. 2010-11,0,0,1,-.43767118,.36060643,-1.1444598,.26911741,672395,71.188835,0
employed_y,No State EITC,Low Education,Age 20-64,Excl. 2010-11,1,1,0,-.045464538,.52371925,-1.0719543,.98102516,511813,71.188835,0
employed_y,No State EITC,Low Education,Age 20-64,Excl. 2010-11,0,1,0,-.34045002,.52193296,-1.3634386,.68253863,672395,71.188835,0
employed_y,No State EITC,Low Education,Age 20-64,Excl. 2010-11,1,0,0,-.0090782419,.44909513,-.8893047,.87114823,511813,71.188835,0
employed_y,No State EITC,Low Education,Age 20-64,Excl. 2010-11,0,0,0,.10989404,.48215196,-.83512384,1.0549119,672395,71.188835,0
employed_y,No State EITC,Low Education,Age 20-49,Excl. 2010-11,1,1,1,-.25291422,.65062588,-1.5281409,1.0223125,409236,71.644661,0
employed_y,No State EITC,Low Education,Age 20-49,Excl. 2010-11,0,1,1,-.0046103778,.66505337,-1.308115,1.2988943,409236,71.644661,0
employed_y,No State EITC,Low Education,Age 20-49,Excl. 2010-11,1,0,1,-.36452252,.43504271,-1.2172062,.48816124,409236,71.644661,0
employed_y,No State EITC,Low Education,Age 20-49,Excl. 2010-11,0,0,1,-.10092353,.42097056,-.92602587,.72417879,409236,71.644661,0
employed_y,No State EITC,Low Education,Age 20-49,Excl. 2010-11,1,1,0,.28328985,.57203782,-.83790427,1.404484,409236,71.644661,0
employed_y,No State EITC,Low Education,Age 20-49,Excl. 2010-11,0,1,0,.6731751,.64258486,-.58629119,1.9326414,409236,71.644661,0
employed_y,No State EITC,Low Education,Age 20-49,Excl. 2010-11,1,0,0,.22334066,.38322905,-.52778828,.9744696,409236,71.644661,0
employed_y,No State EITC,Low Education,Age 20-49,Excl. 2010-11,0,0,0,.66028124,.40022206,-.12415403,1.4447165,409236,71.644661,0
employed_y,No EITC Change,All Education,Age 20-64,Excl. 2010-11,1,1,1,-.93980151,.30268899,-1.533072,-.34653115,940609,76.064957,1
employed_y,No EITC Change,All Education,Age 20-64,Excl. 2010-11,0,1,1,-1.0142828,.31032553,-1.6225209,-.40604478,1220172,76.064957,1
employed_y,No EITC Change,All Education,Age 20-64,Excl. 2010-11,1,0,1,-.82278013,.22940563,-1.2724152,-.37314513,940609,76.064957,1
employed_y,No EITC Change,All Education,Age 20-64,Excl. 2010-11,0,0,1,-.73233205,.22670314,-1.1766702,-.28799394,1220172,76.064957,1
employed_y,No EITC Change,All Education,Age 20-64,Excl. 2010-11,1,1,0,-.46679115,.39371392,-1.2384704,.30488813,940609,76.064957,0
employed_y,No EITC Change,All Education,Age 20-64,Excl. 2010-11,0,1,0,-.75193727,.31164539,-1.3627622,-.14111227,1220172,76.064957,1
employed_y,No EITC Change,All Education,Age 20-64,Excl. 2010-11,1,0,0,-.23147134,.33076945,-.87977946,.41683674,940609,76.064957,0
employed_y,No EITC Change,All Education,Age 20-64,Excl. 2010-11,0,0,0,-.34288502,.31229219,-.95497769,.26920769,1220172,76.064957,0
employed_y,No EITC Change,All Education,Age 20-49,Excl. 2010-11,1,1,1,-.62512606,.37015042,-1.3506209,.10036876,761195,76.299644,0
employed_y,No EITC Change,All Education,Age 20-49,Excl. 2010-11,0,1,1,-.24374348,.35968822,-.94873244,.46124548,761195,76.299644,0
employed_y,No EITC Change,All Education,Age 20-49,Excl. 2010-11,1,0,1,-.52213961,.31380779,-1.1372029,.092923611,761195,76.299644,0
employed_y,No EITC Change,All Education,Age 20-49,Excl. 2010-11,0,0,1,-.200313,.2844438,-.75782281,.35719684,761195,76.299644,0
employed_y,No EITC Change,All Education,Age 20-49,Excl. 2010-11,1,1,0,-.14747161,.38327181,-.89868432,.60374111,761195,76.299644,0
employed_y,No EITC Change,All Education,Age 20-49,Excl. 2010-11,0,1,0,.20454894,.39917225,-.57782865,.98692656,761195,76.299644,0
employed_y,No EITC Change,All Education,Age 20-49,Excl. 2010-11,1,0,0,.070249774,.32042521,-.55778366,.6982832,761195,76.299644,0
employed_y,No EITC Change,All Education,Age 20-49,Excl. 2010-11,0,0,0,.3399708,.31829354,-.28388456,.96382618,761195,76.299644,0
employed_y,No EITC Change,Low Education,Age 20-64,Excl. 2010-11,1,1,1,-.47215658,.44208211,-1.3386375,.39432433,577039,71.188835,0
employed_y,No EITC Change,Low Education,Age 20-64,Excl. 2010-11,0,1,1,-.86817169,.47580221,-1.8007441,.064400628,757303,71.188835,0
employed_y,No EITC Change,Low Education,Age 20-64,Excl. 2010-11,1,0,1,-.47599012,.30506781,-1.073923,.1219428,577039,71.188835,0
employed_y,No EITC Change,Low Education,Age 20-64,Excl. 2010-11,0,0,1,-.39733425,.34077677,-1.0652567,.27058819,757303,71.188835,0
employed_y,No EITC Change,Low Education,Age 20-64,Excl. 2010-11,1,1,0,.050087623,.44119987,-.81466413,.91483933,577039,71.188835,0
employed_y,No EITC Change,Low Education,Age 20-64,Excl. 2010-11,0,1,0,-.39304027,.44435573,-1.2639775,.47789699,757303,71.188835,0
employed_y,No EITC Change,Low Education,Age 20-64,Excl. 2010-11,1,0,0,.1177367,.39937371,-.66503578,.90050918,577039,71.188835,0
employed_y,No EITC Change,Low Education,Age 20-64,Excl. 2010-11,0,0,0,.27593118,.42610282,-.55923033,1.1110927,757303,71.188835,0
employed_y,No EITC Change,Low Education,Age 20-49,Excl. 2010-11,1,1,1,-.33471203,.57105666,-1.4539831,.78455907,461616,71.644661,0
employed_y,No EITC Change,Low Education,Age 20-49,Excl. 2010-11,0,1,1,-.15603843,.55144447,-1.2368697,.92479277,461616,71.644661,0
employed_y,No EITC Change,Low Education,Age 20-49,Excl. 2010-11,1,0,1,-.37381235,.42410082,-1.20505,.45742524,461616,71.644661,0
employed_y,No EITC Change,Low Education,Age 20-49,Excl. 2010-11,0,0,1,-.13174376,.41191101,-.9390893,.67560178,461616,71.644661,0
employed_y,No EITC Change,Low Education,Age 20-49,Excl. 2010-11,1,1,0,.31280798,.46387726,-.59639144,1.2220074,461616,71.644661,0
employed_y,No EITC Change,Low Education,Age 20-49,Excl. 2010-11,0,1,0,.67967087,.52339923,-.34619164,1.7055334,461616,71.644661,0
employed_y,No EITC Change,Low Education,Age 20-49,Excl. 2010-11,1,0,0,.3512457,.3585408,-.35149428,1.0539856,461616,71.644661,0
employed_y,No EITC Change,Low Education,Age 20-49,Excl. 2010-11,0,0,0,.82804334,.37331021,.096355289,1.5597314,461616,71.644661,1
